movement_id,movement_name,limb,sample_index,orig_index_in_raw,valid_length_sensor1,valid_length_sensor2
0,Bobath handshake,upper,0,0,880,880
0,Bobath handshake,upper,1,1,880,880
0,Bobath handshake,upper,2,2,880,880
0,Bobath handshake,upper,3,3,777,880
0,Bobath handshake,upper,4,4,797,880
0,Bobath handshake,upper,5,5,777,880
0,Bobath handshake,upper,6,6,880,880
0,Bobath handshake,upper,7,7,880,880
0,Bobath handshake,upper,8,8,880,880
0,Bobath handshake,upper,9,9,880,880
0,Bobath handshake,upper,10,10,880,880
0,Bobath handshake,upper,11,11,880,880
0,Bobath handshake,upper,12,12,880,880
0,Bobath handshake,upper,13,13,880,880
0,Bobath handshake,upper,14,14,880,880
0,Bobath handshake,upper,15,15,880,880
0,Bobath handshake,upper,16,16,880,880
0,Bobath handshake,upper,17,17,880,880
0,Bobath handshake,upper,18,18,880,880
0,Bobath handshake,upper,19,19,880,880
0,Bobath handshake,upper,20,20,880,880
0,Bobath handshake,upper,21,21,880,880
0,Bobath handshake,upper,22,22,880,880
0,Bobath handshake,upper,23,23,880,880
0,Bobath handshake,upper,24,24,880,880
0,Bobath handshake,upper,25,25,880,880
0,Bobath handshake,upper,26,26,880,880
0,Bobath handshake,upper,27,27,880,880
0,Bobath handshake,upper,28,28,673,688
0,Bobath handshake,upper,29,29,693,708
0,Bobath handshake,upper,30,30,673,689
0,Bobath handshake,upper,31,31,880,880
0,Bobath handshake,upper,32,32,880,880
0,Bobath handshake,upper,33,33,880,880
0,Bobath handshake,upper,34,34,880,880
0,Bobath handshake,upper,35,35,880,880
0,Bobath handshake,upper,36,36,880,880
0,Bobath handshake,upper,37,37,880,880
0,Bobath handshake,upper,38,38,880,880
0,Bobath handshake,upper,39,39,880,880
0,Bobath handshake,upper,40,40,880,697
0,Bobath handshake,upper,41,41,880,717
0,Bobath handshake,upper,42,42,880,697
0,Bobath handshake,upper,43,43,880,880
0,Bobath handshake,upper,44,44,880,880
0,Bobath handshake,upper,45,45,880,880
0,Bobath handshake,upper,46,46,833,846
0,Bobath handshake,upper,47,47,854,866
0,Bobath handshake,upper,48,48,834,847
0,Bobath handshake,upper,49,49,880,880
0,Bobath handshake,upper,50,50,880,880
0,Bobath handshake,upper,51,51,880,880
0,Bobath handshake,upper,52,52,880,880
0,Bobath handshake,upper,53,53,880,880
0,Bobath handshake,upper,54,54,880,880
0,Bobath handshake,upper,55,55,880,880
0,Bobath handshake,upper,56,56,880,880
0,Bobath handshake,upper,57,57,880,880
0,Bobath handshake,upper,58,58,880,880
0,Bobath handshake,upper,59,59,880,880
0,Bobath handshake,upper,60,60,880,880
0,Bobath handshake,upper,61,61,880,880
0,Bobath handshake,upper,62,62,880,880
0,Bobath handshake,upper,63,63,880,880
0,Bobath handshake,upper,64,64,880,880
0,Bobath handshake,upper,65,65,880,880
0,Bobath handshake,upper,66,66,880,880
0,Bobath handshake,upper,67,67,880,880
0,Bobath handshake,upper,68,68,880,880
0,Bobath handshake,upper,69,69,880,880
0,Bobath handshake,upper,70,70,880,880
0,Bobath handshake,upper,71,71,880,880
0,Bobath handshake,upper,72,72,880,880
0,Bobath handshake,upper,73,73,880,880
0,Bobath handshake,upper,74,74,880,880
0,Bobath handshake,upper,75,75,880,880
0,Bobath handshake,upper,76,76,596,746
0,Bobath handshake,upper,77,77,617,767
0,Bobath handshake,upper,78,78,597,747
0,Bobath handshake,upper,79,79,880,880
0,Bobath handshake,upper,80,80,880,880
0,Bobath handshake,upper,81,81,880,880
0,Bobath handshake,upper,82,82,880,880
0,Bobath handshake,upper,83,83,880,880
0,Bobath handshake,upper,84,84,880,880
0,Bobath handshake,upper,85,85,880,880
0,Bobath handshake,upper,86,86,880,880
0,Bobath handshake,upper,87,87,880,880
0,Bobath handshake,upper,88,88,880,880
0,Bobath handshake,upper,89,89,880,746
0,Bobath handshake,upper,90,90,880,767
0,Bobath handshake,upper,91,91,880,747
0,Bobath handshake,upper,92,92,880,880
0,Bobath handshake,upper,93,93,880,880
0,Bobath handshake,upper,94,94,880,880
0,Bobath handshake,upper,95,95,521,500
0,Bobath handshake,upper,96,96,542,521
0,Bobath handshake,upper,97,97,522,501
0,Bobath handshake,upper,98,98,477,541
0,Bobath handshake,upper,99,99,497,561
0,Bobath handshake,upper,100,100,478,542
0,Bobath handshake,upper,101,101,590,381
0,Bobath handshake,upper,102,102,610,401
0,Bobath handshake,upper,103,103,591,382
0,Bobath handshake,upper,104,104,839,880
0,Bobath handshake,upper,105,105,859,880
0,Bobath handshake,upper,106,106,840,880
0,Bobath handshake,upper,107,107,880,880
0,Bobath handshake,upper,108,108,880,880
0,Bobath handshake,upper,109,109,880,880
0,Bobath handshake,upper,110,110,880,880
0,Bobath handshake,upper,111,111,880,880
0,Bobath handshake,upper,112,112,880,880
0,Bobath handshake,upper,113,113,880,880
0,Bobath handshake,upper,114,114,880,880
0,Bobath handshake,upper,115,115,880,880
0,Bobath handshake,upper,116,116,880,880
0,Bobath handshake,upper,117,117,880,880
0,Bobath handshake,upper,118,118,880,880
0,Bobath handshake,upper,119,119,880,880
0,Bobath handshake,upper,120,120,880,880
0,Bobath handshake,upper,121,121,880,880
0,Bobath handshake,upper,122,122,880,880
0,Bobath handshake,upper,123,123,880,880
0,Bobath handshake,upper,124,125,880,880
0,Bobath handshake,upper,125,127,880,880
0,Bobath handshake,upper,126,129,880,880
0,Bobath handshake,upper,127,131,647,790
0,Bobath handshake,upper,128,133,697,832
0,Bobath handshake,upper,129,135,728,871
0,Bobath handshake,upper,130,137,880,880
0,Bobath handshake,upper,131,139,880,880
0,Bobath handshake,upper,132,141,880,880
0,Bobath handshake,upper,133,143,880,880
0,Bobath handshake,upper,134,145,880,880
0,Bobath handshake,upper,135,147,880,880
0,Bobath handshake,upper,136,149,880,880
0,Bobath handshake,upper,137,151,880,880
0,Bobath handshake,upper,138,153,880,880
0,Bobath handshake,upper,139,155,880,880
0,Bobath handshake,upper,140,157,880,880
0,Bobath handshake,upper,141,159,880,880
0,Bobath handshake,upper,142,161,880,880
0,Bobath handshake,upper,143,163,868,880
0,Bobath handshake,upper,144,165,880,880
0,Bobath handshake,upper,145,167,880,880
0,Bobath handshake,upper,146,169,876,880
0,Bobath handshake,upper,147,172,880,880
0,Bobath handshake,upper,148,175,880,880
0,Bobath handshake,upper,149,177,880,880
0,Bobath handshake,upper,150,179,880,880
0,Bobath handshake,upper,151,181,880,880
0,Bobath handshake,upper,152,183,880,880
0,Bobath handshake,upper,153,185,880,880
0,Bobath handshake,upper,154,187,880,880
0,Bobath handshake,upper,155,189,880,880
0,Bobath handshake,upper,156,191,880,880
0,Bobath handshake,upper,157,193,880,572
0,Bobath handshake,upper,158,195,880,627
0,Bobath handshake,upper,159,197,880,653
0,Bobath handshake,upper,160,199,880,880
0,Bobath handshake,upper,161,201,880,880
0,Bobath handshake,upper,162,203,880,880
0,Bobath handshake,upper,163,204,700,712
0,Bobath handshake,upper,164,206,748,758
0,Bobath handshake,upper,165,208,781,793
0,Bobath handshake,upper,166,210,880,880
0,Bobath handshake,upper,167,212,880,880
0,Bobath handshake,upper,168,214,880,880
0,Bobath handshake,upper,169,216,880,880
0,Bobath handshake,upper,170,218,880,880
0,Bobath handshake,upper,171,220,880,880
0,Bobath handshake,upper,172,222,880,880
0,Bobath handshake,upper,173,224,880,880
0,Bobath handshake,upper,174,226,880,880
0,Bobath handshake,upper,175,228,880,880
0,Bobath handshake,upper,176,230,880,880
0,Bobath handshake,upper,177,231,880,880
1,Bobath flexion/extension,upper,0,0,880,880
1,Bobath flexion/extension,upper,1,1,880,880
1,Bobath flexion/extension,upper,2,2,880,880
1,Bobath flexion/extension,upper,3,3,880,880
1,Bobath flexion/extension,upper,4,4,880,880
1,Bobath flexion/extension,upper,5,5,710,615
1,Bobath flexion/extension,upper,6,6,730,635
1,Bobath flexion/extension,upper,7,7,711,616
1,Bobath flexion/extension,upper,8,8,880,873
1,Bobath flexion/extension,upper,9,9,880,880
1,Bobath flexion/extension,upper,10,10,880,873
1,Bobath flexion/extension,upper,11,11,753,563
1,Bobath flexion/extension,upper,12,12,773,584
1,Bobath flexion/extension,upper,13,13,753,564
1,Bobath flexion/extension,upper,14,14,880,880
1,Bobath flexion/extension,upper,15,15,880,880
1,Bobath flexion/extension,upper,16,16,880,880
1,Bobath flexion/extension,upper,17,17,880,705
1,Bobath flexion/extension,upper,18,18,880,705
1,Bobath flexion/extension,upper,19,19,880,869
1,Bobath flexion/extension,upper,20,20,880,880
1,Bobath flexion/extension,upper,21,21,880,869
1,Bobath flexion/extension,upper,22,22,645,657
1,Bobath flexion/extension,upper,23,23,665,677
1,Bobath flexion/extension,upper,24,24,646,657
1,Bobath flexion/extension,upper,25,25,653,533
1,Bobath flexion/extension,upper,26,26,673,553
1,Bobath flexion/extension,upper,27,27,654,534
1,Bobath flexion/extension,upper,28,28,880,880
1,Bobath flexion/extension,upper,29,29,880,880
1,Bobath flexion/extension,upper,30,30,880,880
1,Bobath flexion/extension,upper,31,31,880,880
1,Bobath flexion/extension,upper,32,32,880,880
1,Bobath flexion/extension,upper,33,33,880,880
1,Bobath flexion/extension,upper,34,34,760,717
1,Bobath flexion/extension,upper,35,35,780,737
1,Bobath flexion/extension,upper,36,36,761,718
1,Bobath flexion/extension,upper,37,37,880,880
1,Bobath flexion/extension,upper,38,38,880,880
1,Bobath flexion/extension,upper,39,39,880,880
1,Bobath flexion/extension,upper,40,40,753,880
1,Bobath flexion/extension,upper,41,41,774,880
1,Bobath flexion/extension,upper,42,42,785,591
1,Bobath flexion/extension,upper,43,43,805,611
1,Bobath flexion/extension,upper,44,44,880,880
1,Bobath flexion/extension,upper,45,45,880,880
1,Bobath flexion/extension,upper,46,46,880,880
1,Bobath flexion/extension,upper,47,47,880,880
1,Bobath flexion/extension,upper,48,48,880,880
1,Bobath flexion/extension,upper,49,49,880,880
1,Bobath flexion/extension,upper,50,50,880,880
1,Bobath flexion/extension,upper,51,51,880,880
1,Bobath flexion/extension,upper,52,52,880,880
1,Bobath flexion/extension,upper,53,53,880,880
1,Bobath flexion/extension,upper,54,54,880,880
1,Bobath flexion/extension,upper,55,55,880,880
1,Bobath flexion/extension,upper,56,56,880,880
1,Bobath flexion/extension,upper,57,57,880,880
1,Bobath flexion/extension,upper,58,58,880,880
1,Bobath flexion/extension,upper,59,59,467,457
1,Bobath flexion/extension,upper,60,60,488,478
1,Bobath flexion/extension,upper,61,61,468,458
1,Bobath flexion/extension,upper,62,62,880,880
1,Bobath flexion/extension,upper,63,63,880,880
1,Bobath flexion/extension,upper,64,64,880,880
1,Bobath flexion/extension,upper,65,65,880,880
1,Bobath flexion/extension,upper,66,66,880,880
1,Bobath flexion/extension,upper,67,67,880,880
1,Bobath flexion/extension,upper,68,68,520,565
1,Bobath flexion/extension,upper,69,69,880,880
1,Bobath flexion/extension,upper,70,70,880,880
1,Bobath flexion/extension,upper,71,71,880,880
1,Bobath flexion/extension,upper,72,72,689,838
1,Bobath flexion/extension,upper,73,73,709,858
1,Bobath flexion/extension,upper,74,74,689,839
1,Bobath flexion/extension,upper,75,75,429,431
1,Bobath flexion/extension,upper,76,76,429,432
1,Bobath flexion/extension,upper,77,77,880,880
1,Bobath flexion/extension,upper,78,78,880,880
1,Bobath flexion/extension,upper,79,79,880,880
1,Bobath flexion/extension,upper,80,80,880,880
1,Bobath flexion/extension,upper,81,81,880,880
1,Bobath flexion/extension,upper,82,82,531,533
1,Bobath flexion/extension,upper,83,83,552,553
1,Bobath flexion/extension,upper,84,84,532,534
1,Bobath flexion/extension,upper,85,85,880,880
1,Bobath flexion/extension,upper,86,86,880,880
1,Bobath flexion/extension,upper,87,87,880,880
1,Bobath flexion/extension,upper,88,88,880,880
1,Bobath flexion/extension,upper,89,89,880,880
1,Bobath flexion/extension,upper,90,90,880,880
1,Bobath flexion/extension,upper,91,91,880,880
1,Bobath flexion/extension,upper,92,92,880,880
1,Bobath flexion/extension,upper,93,93,880,880
1,Bobath flexion/extension,upper,94,94,646,648
1,Bobath flexion/extension,upper,95,95,666,668
1,Bobath flexion/extension,upper,96,96,647,649
1,Bobath flexion/extension,upper,97,97,518,572
1,Bobath flexion/extension,upper,98,98,538,593
1,Bobath flexion/extension,upper,99,99,519,573
1,Bobath flexion/extension,upper,100,101,319,305
1,Bobath flexion/extension,upper,101,103,687,723
1,Bobath flexion/extension,upper,102,104,707,744
1,Bobath flexion/extension,upper,103,105,688,724
1,Bobath flexion/extension,upper,104,109,637,637
1,Bobath flexion/extension,upper,105,110,657,657
1,Bobath flexion/extension,upper,106,111,637,638
1,Bobath flexion/extension,upper,107,112,880,880
1,Bobath flexion/extension,upper,108,113,880,880
1,Bobath flexion/extension,upper,109,114,880,880
1,Bobath flexion/extension,upper,110,117,880,880
1,Bobath flexion/extension,upper,111,118,880,880
1,Bobath flexion/extension,upper,112,119,880,880
1,Bobath flexion/extension,upper,113,120,880,880
1,Bobath flexion/extension,upper,114,121,880,880
1,Bobath flexion/extension,upper,115,122,880,880
1,Bobath flexion/extension,upper,116,123,880,880
1,Bobath flexion/extension,upper,117,124,880,880
1,Bobath flexion/extension,upper,118,125,880,880
1,Bobath flexion/extension,upper,119,126,880,880
1,Bobath flexion/extension,upper,120,127,880,880
1,Bobath flexion/extension,upper,121,128,880,880
1,Bobath flexion/extension,upper,122,129,880,880
1,Bobath flexion/extension,upper,123,130,880,880
1,Bobath flexion/extension,upper,124,131,880,880
1,Bobath flexion/extension,upper,125,132,797,880
1,Bobath flexion/extension,upper,126,133,817,880
1,Bobath flexion/extension,upper,127,134,797,880
1,Bobath flexion/extension,upper,128,135,880,880
1,Bobath flexion/extension,upper,129,136,880,880
1,Bobath flexion/extension,upper,130,137,880,880
1,Bobath flexion/extension,upper,131,138,880,880
1,Bobath flexion/extension,upper,132,139,880,880
1,Bobath flexion/extension,upper,133,140,880,880
1,Bobath flexion/extension,upper,134,141,880,880
1,Bobath flexion/extension,upper,135,142,880,880
1,Bobath flexion/extension,upper,136,143,880,880
1,Bobath flexion/extension,upper,137,144,880,880
1,Bobath flexion/extension,upper,138,145,880,880
1,Bobath flexion/extension,upper,139,146,880,880
1,Bobath flexion/extension,upper,140,147,880,880
1,Bobath flexion/extension,upper,141,148,880,880
1,Bobath flexion/extension,upper,142,149,880,880
1,Bobath flexion/extension,upper,143,150,880,880
1,Bobath flexion/extension,upper,144,151,880,880
1,Bobath flexion/extension,upper,145,152,880,880
1,Bobath flexion/extension,upper,146,153,880,880
1,Bobath flexion/extension,upper,147,154,880,880
1,Bobath flexion/extension,upper,148,155,880,880
1,Bobath flexion/extension,upper,149,156,830,880
1,Bobath flexion/extension,upper,150,157,850,880
1,Bobath flexion/extension,upper,151,158,831,880
1,Bobath flexion/extension,upper,152,159,880,880
1,Bobath flexion/extension,upper,153,160,880,880
1,Bobath flexion/extension,upper,154,161,880,880
1,Bobath flexion/extension,upper,155,162,717,721
1,Bobath flexion/extension,upper,156,163,737,742
1,Bobath flexion/extension,upper,157,164,717,722
1,Bobath flexion/extension,upper,158,165,697,598
1,Bobath flexion/extension,upper,159,166,717,618
1,Bobath flexion/extension,upper,160,167,697,599
1,Bobath flexion/extension,upper,161,168,539,405
1,Bobath flexion/extension,upper,162,169,560,425
1,Bobath flexion/extension,upper,163,170,540,405
1,Bobath flexion/extension,upper,164,171,880,880
1,Bobath flexion/extension,upper,165,172,880,880
1,Bobath flexion/extension,upper,166,174,880,880
1,Bobath flexion/extension,upper,167,176,880,880
1,Bobath flexion/extension,upper,168,178,866,737
1,Bobath flexion/extension,upper,169,180,880,781
1,Bobath flexion/extension,upper,170,182,880,818
1,Bobath flexion/extension,upper,171,184,880,880
1,Bobath flexion/extension,upper,172,186,880,880
1,Bobath flexion/extension,upper,173,188,880,880
1,Bobath flexion/extension,upper,174,190,758,579
1,Bobath flexion/extension,upper,175,191,880,725
1,Bobath flexion/extension,upper,176,192,801,635
1,Bobath flexion/extension,upper,177,194,839,660
1,Bobath flexion/extension,upper,178,195,561,585
1,Bobath flexion/extension,upper,179,196,444,468
1,Bobath flexion/extension,upper,180,197,581,606
1,Bobath flexion/extension,upper,181,198,509,530
1,Bobath flexion/extension,upper,182,199,561,586
1,Bobath flexion/extension,upper,183,200,525,548
1,Bobath flexion/extension,upper,184,201,880,880
1,Bobath flexion/extension,upper,185,202,761,765
1,Bobath flexion/extension,upper,186,203,880,880
1,Bobath flexion/extension,upper,187,204,803,808
1,Bobath flexion/extension,upper,188,205,880,880
1,Bobath flexion/extension,upper,189,207,880,880
1,Bobath flexion/extension,upper,190,209,880,880
1,Bobath flexion/extension,upper,191,211,880,880
2,Bobath forward flexion/extension,upper,0,0,880,880
2,Bobath forward flexion/extension,upper,1,1,880,880
2,Bobath forward flexion/extension,upper,2,2,880,880
2,Bobath forward flexion/extension,upper,3,3,880,880
2,Bobath forward flexion/extension,upper,4,4,880,880
2,Bobath forward flexion/extension,upper,5,5,410,516
2,Bobath forward flexion/extension,upper,6,6,431,537
2,Bobath forward flexion/extension,upper,7,7,411,517
2,Bobath forward flexion/extension,upper,8,8,641,452
2,Bobath forward flexion/extension,upper,9,9,661,473
2,Bobath forward flexion/extension,upper,10,10,641,453
2,Bobath forward flexion/extension,upper,11,11,550,539
2,Bobath forward flexion/extension,upper,12,12,570,560
2,Bobath forward flexion/extension,upper,13,13,551,540
2,Bobath forward flexion/extension,upper,14,14,586,665
2,Bobath forward flexion/extension,upper,15,15,607,686
2,Bobath forward flexion/extension,upper,16,16,587,666
2,Bobath forward flexion/extension,upper,17,17,786,847
2,Bobath forward flexion/extension,upper,18,18,807,867
2,Bobath forward flexion/extension,upper,19,19,787,848
2,Bobath forward flexion/extension,upper,20,20,880,880
2,Bobath forward flexion/extension,upper,21,21,880,880
2,Bobath forward flexion/extension,upper,22,22,880,880
2,Bobath forward flexion/extension,upper,23,23,713,691
2,Bobath forward flexion/extension,upper,24,24,733,712
2,Bobath forward flexion/extension,upper,25,25,713,692
2,Bobath forward flexion/extension,upper,26,26,569,653
2,Bobath forward flexion/extension,upper,27,27,589,673
2,Bobath forward flexion/extension,upper,28,28,569,654
2,Bobath forward flexion/extension,upper,29,29,677,694
2,Bobath forward flexion/extension,upper,30,30,697,714
2,Bobath forward flexion/extension,upper,31,31,677,695
2,Bobath forward flexion/extension,upper,32,32,749,745
2,Bobath forward flexion/extension,upper,33,33,769,765
2,Bobath forward flexion/extension,upper,34,34,749,745
2,Bobath forward flexion/extension,upper,35,35,753,749
2,Bobath forward flexion/extension,upper,36,36,773,769
2,Bobath forward flexion/extension,upper,37,37,753,750
2,Bobath forward flexion/extension,upper,38,38,539,340
2,Bobath forward flexion/extension,upper,39,39,560,361
2,Bobath forward flexion/extension,upper,40,40,540,341
2,Bobath forward flexion/extension,upper,41,41,795,580
2,Bobath forward flexion/extension,upper,42,42,816,601
2,Bobath forward flexion/extension,upper,43,43,796,581
2,Bobath forward flexion/extension,upper,44,44,545,568
2,Bobath forward flexion/extension,upper,45,45,566,588
2,Bobath forward flexion/extension,upper,46,46,546,569
2,Bobath forward flexion/extension,upper,47,47,602,601
2,Bobath forward flexion/extension,upper,48,48,623,622
2,Bobath forward flexion/extension,upper,49,49,603,602
2,Bobath forward flexion/extension,upper,50,50,443,443
2,Bobath forward flexion/extension,upper,51,51,880,880
2,Bobath forward flexion/extension,upper,52,52,880,880
2,Bobath forward flexion/extension,upper,53,53,880,880
2,Bobath forward flexion/extension,upper,54,54,880,880
2,Bobath forward flexion/extension,upper,55,55,403,641
2,Bobath forward flexion/extension,upper,56,56,424,661
2,Bobath forward flexion/extension,upper,57,57,404,641
2,Bobath forward flexion/extension,upper,58,58,585,644
2,Bobath forward flexion/extension,upper,59,59,606,665
2,Bobath forward flexion/extension,upper,60,60,586,645
2,Bobath forward flexion/extension,upper,61,61,748,837
2,Bobath forward flexion/extension,upper,62,62,769,857
2,Bobath forward flexion/extension,upper,63,63,749,837
2,Bobath forward flexion/extension,upper,64,64,671,754
2,Bobath forward flexion/extension,upper,65,65,672,755
2,Bobath forward flexion/extension,upper,66,66,431,412
2,Bobath forward flexion/extension,upper,67,67,451,433
2,Bobath forward flexion/extension,upper,68,68,432,413
2,Bobath forward flexion/extension,upper,69,69,548,534
2,Bobath forward flexion/extension,upper,70,70,569,554
2,Bobath forward flexion/extension,upper,71,71,549,535
2,Bobath forward flexion/extension,upper,72,72,880,880
2,Bobath forward flexion/extension,upper,73,115,691,775
2,Bobath forward flexion/extension,upper,74,120,491,461
2,Bobath forward flexion/extension,upper,75,121,512,481
2,Bobath forward flexion/extension,upper,76,122,492,462
2,Bobath forward flexion/extension,upper,77,123,477,492
2,Bobath forward flexion/extension,upper,78,124,497,513
2,Bobath forward flexion/extension,upper,79,125,477,493
2,Bobath forward flexion/extension,upper,80,126,819,880
2,Bobath forward flexion/extension,upper,81,127,840,880
2,Bobath forward flexion/extension,upper,82,128,820,880
2,Bobath forward flexion/extension,upper,83,129,545,465
2,Bobath forward flexion/extension,upper,84,130,525,445
2,Bobath forward flexion/extension,upper,85,131,880,880
2,Bobath forward flexion/extension,upper,86,132,880,880
2,Bobath forward flexion/extension,upper,87,133,880,880
2,Bobath forward flexion/extension,upper,88,134,880,880
2,Bobath forward flexion/extension,upper,89,135,880,880
2,Bobath forward flexion/extension,upper,90,136,880,880
2,Bobath forward flexion/extension,upper,91,137,880,880
2,Bobath forward flexion/extension,upper,92,138,880,880
2,Bobath forward flexion/extension,upper,93,139,880,880
2,Bobath forward flexion/extension,upper,94,140,625,769
2,Bobath forward flexion/extension,upper,95,141,645,789
2,Bobath forward flexion/extension,upper,96,142,625,769
2,Bobath forward flexion/extension,upper,97,143,523,541
2,Bobath forward flexion/extension,upper,98,144,544,561
2,Bobath forward flexion/extension,upper,99,145,524,542
2,Bobath forward flexion/extension,upper,100,146,761,757
2,Bobath forward flexion/extension,upper,101,147,781,777
2,Bobath forward flexion/extension,upper,102,148,761,757
2,Bobath forward flexion/extension,upper,103,150,880,880
2,Bobath forward flexion/extension,upper,104,152,303,402
2,Bobath forward flexion/extension,upper,105,154,377,469
2,Bobath forward flexion/extension,upper,106,156,384,483
2,Bobath forward flexion/extension,upper,107,158,519,342
2,Bobath forward flexion/extension,upper,108,160,579,413
2,Bobath forward flexion/extension,upper,109,162,600,423
2,Bobath forward flexion/extension,upper,110,163,880,880
2,Bobath forward flexion/extension,upper,111,164,757,751
2,Bobath forward flexion/extension,upper,112,165,880,880
2,Bobath forward flexion/extension,upper,113,166,800,794
2,Bobath forward flexion/extension,upper,114,167,880,880
2,Bobath forward flexion/extension,upper,115,168,838,832
2,Bobath forward flexion/extension,upper,116,170,435,424
2,Bobath forward flexion/extension,upper,117,172,500,490
2,Bobath forward flexion/extension,upper,118,173,468,543
2,Bobath forward flexion/extension,upper,119,175,531,600
2,Bobath forward flexion/extension,upper,120,177,549,623
2,Bobath forward flexion/extension,upper,121,179,656,713
2,Bobath forward flexion/extension,upper,122,181,705,759
2,Bobath forward flexion/extension,upper,123,183,737,794
2,Bobath forward flexion/extension,upper,124,185,880,880
2,Bobath forward flexion/extension,upper,125,187,880,880
2,Bobath forward flexion/extension,upper,126,189,880,880
2,Bobath forward flexion/extension,upper,127,190,405,428
2,Bobath forward flexion/extension,upper,128,191,539,563
2,Bobath forward flexion/extension,upper,129,192,473,493
2,Bobath forward flexion/extension,upper,130,193,520,544
2,Bobath forward flexion/extension,upper,131,194,486,509
2,Bobath forward flexion/extension,upper,132,195,770,770
2,Bobath forward flexion/extension,upper,133,196,721,721
2,Bobath forward flexion/extension,upper,134,198,587,567
2,Bobath forward flexion/extension,upper,135,200,641,622
2,Bobath forward flexion/extension,upper,136,202,668,647
2,Bobath forward flexion/extension,upper,137,203,450,431
2,Bobath forward flexion/extension,upper,138,204,587,567
2,Bobath forward flexion/extension,upper,139,205,515,495
2,Bobath forward flexion/extension,upper,140,206,568,547
2,Bobath forward flexion/extension,upper,141,208,452,531
2,Bobath forward flexion/extension,upper,142,210,515,589
2,Bobath forward flexion/extension,upper,143,212,533,612
2,Bobath forward flexion/extension,upper,144,214,553,570
2,Bobath forward flexion/extension,upper,145,216,610,626
2,Bobath forward flexion/extension,upper,146,218,634,650
2,Bobath forward flexion/extension,upper,147,220,621,617
2,Bobath forward flexion/extension,upper,148,222,673,669
2,Bobath forward flexion/extension,upper,149,224,701,698
2,Bobath forward flexion/extension,upper,150,226,624,621
2,Bobath forward flexion/extension,upper,151,228,677,673
2,Bobath forward flexion/extension,upper,152,230,705,702
2,Bobath forward flexion/extension,upper,153,232,424,237
2,Bobath forward flexion/extension,upper,154,234,490,315
2,Bobath forward flexion/extension,upper,155,236,505,318
2,Bobath forward flexion/extension,upper,156,238,430,451
2,Bobath forward flexion/extension,upper,157,240,496,514
2,Bobath forward flexion/extension,upper,158,242,511,532
2,Bobath forward flexion/extension,upper,159,246,370,579
2,Bobath forward flexion/extension,upper,160,248,377,600
2,Bobath forward flexion/extension,upper,161,250,468,522
2,Bobath forward flexion/extension,upper,162,252,530,581
2,Bobath forward flexion/extension,upper,163,254,548,603
2,Bobath forward flexion/extension,upper,164,256,620,703
2,Bobath forward flexion/extension,upper,165,258,673,750
2,Bobath forward flexion/extension,upper,166,260,701,784
2,Bobath forward flexion/extension,upper,167,262,548,626
2,Bobath forward flexion/extension,upper,168,264,605,677
2,Bobath forward flexion/extension,upper,169,266,629,707
3,Bobath anterior/posterior rotation,upper,0,0,713,735
3,Bobath anterior/posterior rotation,upper,1,1,693,715
3,Bobath anterior/posterior rotation,upper,2,2,880,880
3,Bobath anterior/posterior rotation,upper,3,3,880,880
3,Bobath anterior/posterior rotation,upper,4,4,880,880
3,Bobath anterior/posterior rotation,upper,5,5,880,880
3,Bobath anterior/posterior rotation,upper,6,6,880,880
3,Bobath anterior/posterior rotation,upper,7,7,880,880
3,Bobath anterior/posterior rotation,upper,8,8,880,880
3,Bobath anterior/posterior rotation,upper,9,9,880,880
3,Bobath anterior/posterior rotation,upper,10,10,880,880
3,Bobath anterior/posterior rotation,upper,11,11,880,880
3,Bobath anterior/posterior rotation,upper,12,12,880,653
3,Bobath anterior/posterior rotation,upper,13,13,880,673
3,Bobath anterior/posterior rotation,upper,14,14,880,653
3,Bobath anterior/posterior rotation,upper,15,15,880,880
3,Bobath anterior/posterior rotation,upper,16,16,880,880
3,Bobath anterior/posterior rotation,upper,17,17,880,880
3,Bobath anterior/posterior rotation,upper,18,18,769,784
3,Bobath anterior/posterior rotation,upper,19,19,790,804
3,Bobath anterior/posterior rotation,upper,20,20,770,785
3,Bobath anterior/posterior rotation,upper,21,21,880,880
3,Bobath anterior/posterior rotation,upper,22,22,880,880
3,Bobath anterior/posterior rotation,upper,23,23,880,880
3,Bobath anterior/posterior rotation,upper,24,24,880,880
3,Bobath anterior/posterior rotation,upper,25,25,880,880
3,Bobath anterior/posterior rotation,upper,26,26,880,880
3,Bobath anterior/posterior rotation,upper,27,27,880,880
3,Bobath anterior/posterior rotation,upper,28,28,880,880
3,Bobath anterior/posterior rotation,upper,29,29,880,880
3,Bobath anterior/posterior rotation,upper,30,30,780,816
3,Bobath anterior/posterior rotation,upper,31,31,801,836
3,Bobath anterior/posterior rotation,upper,32,32,781,817
3,Bobath anterior/posterior rotation,upper,33,33,809,880
3,Bobath anterior/posterior rotation,upper,34,34,830,880
3,Bobath anterior/posterior rotation,upper,35,35,810,880
3,Bobath anterior/posterior rotation,upper,36,36,880,880
3,Bobath anterior/posterior rotation,upper,37,37,880,880
3,Bobath anterior/posterior rotation,upper,38,38,880,880
3,Bobath anterior/posterior rotation,upper,39,39,880,880
3,Bobath anterior/posterior rotation,upper,40,40,880,880
3,Bobath anterior/posterior rotation,upper,41,41,880,880
3,Bobath anterior/posterior rotation,upper,42,42,880,880
3,Bobath anterior/posterior rotation,upper,43,43,880,880
3,Bobath anterior/posterior rotation,upper,44,44,880,857
3,Bobath anterior/posterior rotation,upper,45,45,880,878
3,Bobath anterior/posterior rotation,upper,46,46,880,858
3,Bobath anterior/posterior rotation,upper,47,47,880,880
3,Bobath anterior/posterior rotation,upper,48,48,880,880
3,Bobath anterior/posterior rotation,upper,49,49,880,880
3,Bobath anterior/posterior rotation,upper,50,50,797,577
3,Bobath anterior/posterior rotation,upper,51,51,817,598
3,Bobath anterior/posterior rotation,upper,52,52,798,578
3,Bobath anterior/posterior rotation,upper,53,53,880,722
3,Bobath anterior/posterior rotation,upper,54,54,880,743
3,Bobath anterior/posterior rotation,upper,55,55,880,723
3,Bobath anterior/posterior rotation,upper,56,56,880,880
3,Bobath anterior/posterior rotation,upper,57,57,880,880
3,Bobath anterior/posterior rotation,upper,58,58,880,880
3,Bobath anterior/posterior rotation,upper,59,59,880,880
3,Bobath anterior/posterior rotation,upper,60,60,880,880
3,Bobath anterior/posterior rotation,upper,61,61,880,880
3,Bobath anterior/posterior rotation,upper,62,62,880,880
3,Bobath anterior/posterior rotation,upper,63,63,880,880
3,Bobath anterior/posterior rotation,upper,64,64,880,880
3,Bobath anterior/posterior rotation,upper,65,65,880,880
3,Bobath anterior/posterior rotation,upper,66,66,880,880
3,Bobath anterior/posterior rotation,upper,67,67,880,880
3,Bobath anterior/posterior rotation,upper,68,68,880,880
3,Bobath anterior/posterior rotation,upper,69,69,880,880
3,Bobath anterior/posterior rotation,upper,70,70,880,880
3,Bobath anterior/posterior rotation,upper,71,71,847,880
3,Bobath anterior/posterior rotation,upper,72,72,867,880
3,Bobath anterior/posterior rotation,upper,73,73,848,880
3,Bobath anterior/posterior rotation,upper,74,74,880,880
3,Bobath anterior/posterior rotation,upper,75,75,880,880
3,Bobath anterior/posterior rotation,upper,76,76,880,880
3,Bobath anterior/posterior rotation,upper,77,77,880,880
3,Bobath anterior/posterior rotation,upper,78,78,880,880
3,Bobath anterior/posterior rotation,upper,79,79,880,880
3,Bobath anterior/posterior rotation,upper,80,80,880,880
3,Bobath anterior/posterior rotation,upper,81,81,880,880
3,Bobath anterior/posterior rotation,upper,82,82,880,880
3,Bobath anterior/posterior rotation,upper,83,83,880,880
3,Bobath anterior/posterior rotation,upper,84,84,880,880
3,Bobath anterior/posterior rotation,upper,85,85,880,880
3,Bobath anterior/posterior rotation,upper,86,86,880,880
3,Bobath anterior/posterior rotation,upper,87,87,880,880
3,Bobath anterior/posterior rotation,upper,88,88,880,880
3,Bobath anterior/posterior rotation,upper,89,89,880,880
3,Bobath anterior/posterior rotation,upper,90,90,793,465
3,Bobath anterior/posterior rotation,upper,91,91,814,486
3,Bobath anterior/posterior rotation,upper,92,92,794,466
3,Bobath anterior/posterior rotation,upper,93,93,533,513
3,Bobath anterior/posterior rotation,upper,94,94,553,533
3,Bobath anterior/posterior rotation,upper,95,95,533,513
3,Bobath anterior/posterior rotation,upper,96,96,524,563
3,Bobath anterior/posterior rotation,upper,97,97,545,584
3,Bobath anterior/posterior rotation,upper,98,98,525,564
3,Bobath anterior/posterior rotation,upper,99,99,707,716
3,Bobath anterior/posterior rotation,upper,100,100,728,737
3,Bobath anterior/posterior rotation,upper,101,101,708,717
3,Bobath anterior/posterior rotation,upper,102,102,880,880
3,Bobath anterior/posterior rotation,upper,103,103,880,880
3,Bobath anterior/posterior rotation,upper,104,104,880,880
3,Bobath anterior/posterior rotation,upper,105,105,880,880
3,Bobath anterior/posterior rotation,upper,106,106,880,880
3,Bobath anterior/posterior rotation,upper,107,107,880,880
3,Bobath anterior/posterior rotation,upper,108,108,880,880
3,Bobath anterior/posterior rotation,upper,109,109,880,880
3,Bobath anterior/posterior rotation,upper,110,110,880,880
3,Bobath anterior/posterior rotation,upper,111,111,880,880
3,Bobath anterior/posterior rotation,upper,112,112,880,880
3,Bobath anterior/posterior rotation,upper,113,113,880,880
3,Bobath anterior/posterior rotation,upper,114,114,880,880
3,Bobath anterior/posterior rotation,upper,115,115,880,880
3,Bobath anterior/posterior rotation,upper,116,116,591,613
3,Bobath anterior/posterior rotation,upper,117,117,611,633
3,Bobath anterior/posterior rotation,upper,118,118,592,613
3,Bobath anterior/posterior rotation,upper,119,119,880,880
3,Bobath anterior/posterior rotation,upper,120,120,880,880
3,Bobath anterior/posterior rotation,upper,121,121,880,880
3,Bobath anterior/posterior rotation,upper,122,122,880,481
3,Bobath anterior/posterior rotation,upper,123,123,880,501
3,Bobath anterior/posterior rotation,upper,124,124,880,481
3,Bobath anterior/posterior rotation,upper,125,125,845,880
3,Bobath anterior/posterior rotation,upper,126,126,825,880
3,Bobath anterior/posterior rotation,upper,127,127,880,880
3,Bobath anterior/posterior rotation,upper,128,128,880,880
3,Bobath anterior/posterior rotation,upper,129,129,880,880
3,Bobath anterior/posterior rotation,upper,130,130,880,880
3,Bobath anterior/posterior rotation,upper,131,131,880,880
3,Bobath anterior/posterior rotation,upper,132,132,880,880
3,Bobath anterior/posterior rotation,upper,133,133,880,880
3,Bobath anterior/posterior rotation,upper,134,134,880,880
3,Bobath anterior/posterior rotation,upper,135,135,369,301
3,Bobath anterior/posterior rotation,upper,136,136,389,321
3,Bobath anterior/posterior rotation,upper,137,137,369,301
3,Bobath anterior/posterior rotation,upper,138,138,880,880
3,Bobath anterior/posterior rotation,upper,139,139,880,880
3,Bobath anterior/posterior rotation,upper,140,140,880,880
3,Bobath anterior/posterior rotation,upper,141,141,603,601
3,Bobath anterior/posterior rotation,upper,142,142,624,621
3,Bobath anterior/posterior rotation,upper,143,143,604,601
3,Bobath anterior/posterior rotation,upper,144,144,692,714
3,Bobath anterior/posterior rotation,upper,145,145,567,588
3,Bobath anterior/posterior rotation,upper,146,147,623,643
3,Bobath anterior/posterior rotation,upper,147,149,648,669
3,Bobath anterior/posterior rotation,upper,148,151,880,880
3,Bobath anterior/posterior rotation,upper,149,153,880,880
3,Bobath anterior/posterior rotation,upper,150,155,880,880
3,Bobath anterior/posterior rotation,upper,151,157,880,880
3,Bobath anterior/posterior rotation,upper,152,159,880,880
3,Bobath anterior/posterior rotation,upper,153,161,880,880
3,Bobath anterior/posterior rotation,upper,154,162,880,880
3,Bobath anterior/posterior rotation,upper,155,163,880,880
3,Bobath anterior/posterior rotation,upper,156,164,880,880
3,Bobath anterior/posterior rotation,upper,157,165,880,880
3,Bobath anterior/posterior rotation,upper,158,166,880,880
3,Bobath anterior/posterior rotation,upper,159,168,880,531
3,Bobath anterior/posterior rotation,upper,160,170,880,589
3,Bobath anterior/posterior rotation,upper,161,172,880,611
3,Bobath anterior/posterior rotation,upper,162,174,880,880
3,Bobath anterior/posterior rotation,upper,163,176,880,880
3,Bobath anterior/posterior rotation,upper,164,178,880,880
3,Bobath anterior/posterior rotation,upper,165,180,640,654
3,Bobath anterior/posterior rotation,upper,166,182,692,704
3,Bobath anterior/posterior rotation,upper,167,184,721,734
3,Bobath anterior/posterior rotation,upper,168,186,880,880
3,Bobath anterior/posterior rotation,upper,169,188,880,880
3,Bobath anterior/posterior rotation,upper,170,190,880,880
3,Bobath anterior/posterior rotation,upper,171,193,880,880
3,Bobath anterior/posterior rotation,upper,172,195,880,880
3,Bobath anterior/posterior rotation,upper,173,197,880,880
3,Bobath anterior/posterior rotation,upper,174,199,880,880
3,Bobath anterior/posterior rotation,upper,175,201,650,684
3,Bobath anterior/posterior rotation,upper,176,203,701,732
3,Bobath anterior/posterior rotation,upper,177,205,731,764
3,Bobath anterior/posterior rotation,upper,178,207,678,756
3,Bobath anterior/posterior rotation,upper,179,210,880,880
3,Bobath anterior/posterior rotation,upper,180,212,880,880
3,Bobath anterior/posterior rotation,upper,181,213,880,880
3,Bobath anterior/posterior rotation,upper,182,215,880,880
3,Bobath anterior/posterior rotation,upper,183,217,880,880
3,Bobath anterior/posterior rotation,upper,184,219,880,880
3,Bobath anterior/posterior rotation,upper,185,221,825,723
3,Bobath anterior/posterior rotation,upper,186,223,864,768
3,Bobath anterior/posterior rotation,upper,187,225,880,803
3,Bobath anterior/posterior rotation,upper,188,227,880,880
3,Bobath anterior/posterior rotation,upper,189,229,880,880
3,Bobath anterior/posterior rotation,upper,190,231,880,880
3,Bobath anterior/posterior rotation,upper,191,233,666,460
3,Bobath anterior/posterior rotation,upper,192,235,715,524
3,Bobath anterior/posterior rotation,upper,193,237,747,541
3,Bobath anterior/posterior rotation,upper,194,239,876,596
3,Bobath anterior/posterior rotation,upper,195,241,880,649
3,Bobath anterior/posterior rotation,upper,196,243,880,677
3,Bobath anterior/posterior rotation,upper,197,245,880,880
3,Bobath anterior/posterior rotation,upper,198,247,880,880
3,Bobath anterior/posterior rotation,upper,199,249,880,880
4,Elbow flexion and wrist compression,upper,0,0,880,880
4,Elbow flexion and wrist compression,upper,1,1,880,880
4,Elbow flexion and wrist compression,upper,2,2,417,417
4,Elbow flexion and wrist compression,upper,3,3,437,437
4,Elbow flexion and wrist compression,upper,4,4,417,417
4,Elbow flexion and wrist compression,upper,5,5,424,424
4,Elbow flexion and wrist compression,upper,6,6,444,444
4,Elbow flexion and wrist compression,upper,7,7,425,425
4,Elbow flexion and wrist compression,upper,8,8,880,880
4,Elbow flexion and wrist compression,upper,9,9,880,880
4,Elbow flexion and wrist compression,upper,10,10,880,880
4,Elbow flexion and wrist compression,upper,11,11,880,880
4,Elbow flexion and wrist compression,upper,12,12,880,880
4,Elbow flexion and wrist compression,upper,13,13,880,880
4,Elbow flexion and wrist compression,upper,14,14,457,457
4,Elbow flexion and wrist compression,upper,15,15,437,437
4,Elbow flexion and wrist compression,upper,16,16,385,385
4,Elbow flexion and wrist compression,upper,17,17,405,405
4,Elbow flexion and wrist compression,upper,18,18,385,385
4,Elbow flexion and wrist compression,upper,19,19,635,635
4,Elbow flexion and wrist compression,upper,20,20,656,656
4,Elbow flexion and wrist compression,upper,21,21,636,636
4,Elbow flexion and wrist compression,upper,22,22,633,633
4,Elbow flexion and wrist compression,upper,23,23,654,654
4,Elbow flexion and wrist compression,upper,24,24,634,634
4,Elbow flexion and wrist compression,upper,25,25,661,661
4,Elbow flexion and wrist compression,upper,26,26,681,681
4,Elbow flexion and wrist compression,upper,27,27,662,662
4,Elbow flexion and wrist compression,upper,28,28,880,880
4,Elbow flexion and wrist compression,upper,29,29,880,880
4,Elbow flexion and wrist compression,upper,30,30,880,880
4,Elbow flexion and wrist compression,upper,31,31,436,486
4,Elbow flexion and wrist compression,upper,32,32,457,506
4,Elbow flexion and wrist compression,upper,33,33,437,487
4,Elbow flexion and wrist compression,upper,34,34,638,649
4,Elbow flexion and wrist compression,upper,35,35,658,670
4,Elbow flexion and wrist compression,upper,36,36,639,650
4,Elbow flexion and wrist compression,upper,37,37,567,567
4,Elbow flexion and wrist compression,upper,38,38,587,587
4,Elbow flexion and wrist compression,upper,39,39,568,568
4,Elbow flexion and wrist compression,upper,40,40,365,719
4,Elbow flexion and wrist compression,upper,41,41,385,739
4,Elbow flexion and wrist compression,upper,42,42,366,720
4,Elbow flexion and wrist compression,upper,43,43,880,880
4,Elbow flexion and wrist compression,upper,44,44,880,880
4,Elbow flexion and wrist compression,upper,45,45,880,880
4,Elbow flexion and wrist compression,upper,46,46,880,880
4,Elbow flexion and wrist compression,upper,47,47,880,880
4,Elbow flexion and wrist compression,upper,48,48,880,880
4,Elbow flexion and wrist compression,upper,49,49,573,573
4,Elbow flexion and wrist compression,upper,50,50,593,593
4,Elbow flexion and wrist compression,upper,51,51,573,573
4,Elbow flexion and wrist compression,upper,52,52,516,516
4,Elbow flexion and wrist compression,upper,53,53,537,537
4,Elbow flexion and wrist compression,upper,54,54,544,544
4,Elbow flexion and wrist compression,upper,55,55,564,564
4,Elbow flexion and wrist compression,upper,56,56,545,545
4,Elbow flexion and wrist compression,upper,57,57,781,781
4,Elbow flexion and wrist compression,upper,58,58,801,801
4,Elbow flexion and wrist compression,upper,59,59,782,782
4,Elbow flexion and wrist compression,upper,60,60,709,712
4,Elbow flexion and wrist compression,upper,61,61,729,732
4,Elbow flexion and wrist compression,upper,62,62,710,713
4,Elbow flexion and wrist compression,upper,63,63,880,880
4,Elbow flexion and wrist compression,upper,64,64,880,880
4,Elbow flexion and wrist compression,upper,65,65,880,880
4,Elbow flexion and wrist compression,upper,66,66,880,880
4,Elbow flexion and wrist compression,upper,67,67,880,880
4,Elbow flexion and wrist compression,upper,68,68,880,880
4,Elbow flexion and wrist compression,upper,69,69,574,604
4,Elbow flexion and wrist compression,upper,70,70,594,625
4,Elbow flexion and wrist compression,upper,71,71,575,605
4,Elbow flexion and wrist compression,upper,72,72,692,692
4,Elbow flexion and wrist compression,upper,73,73,673,673
4,Elbow flexion and wrist compression,upper,74,74,500,686
4,Elbow flexion and wrist compression,upper,75,75,521,706
4,Elbow flexion and wrist compression,upper,76,76,501,687
4,Elbow flexion and wrist compression,upper,77,78,313,705
4,Elbow flexion and wrist compression,upper,78,80,838,838
4,Elbow flexion and wrist compression,upper,79,81,858,858
4,Elbow flexion and wrist compression,upper,80,82,839,839
4,Elbow flexion and wrist compression,upper,81,83,852,852
4,Elbow flexion and wrist compression,upper,82,84,873,873
4,Elbow flexion and wrist compression,upper,83,85,853,853
4,Elbow flexion and wrist compression,upper,84,86,717,717
4,Elbow flexion and wrist compression,upper,85,87,737,737
4,Elbow flexion and wrist compression,upper,86,88,717,717
4,Elbow flexion and wrist compression,upper,87,89,765,789
4,Elbow flexion and wrist compression,upper,88,90,785,809
4,Elbow flexion and wrist compression,upper,89,91,765,790
4,Elbow flexion and wrist compression,upper,90,92,834,834
4,Elbow flexion and wrist compression,upper,91,93,855,855
4,Elbow flexion and wrist compression,upper,92,94,835,835
4,Elbow flexion and wrist compression,upper,93,97,768,784
4,Elbow flexion and wrist compression,upper,94,98,788,804
4,Elbow flexion and wrist compression,upper,95,99,769,785
4,Elbow flexion and wrist compression,upper,96,100,455,473
4,Elbow flexion and wrist compression,upper,97,101,475,494
4,Elbow flexion and wrist compression,upper,98,102,456,474
4,Elbow flexion and wrist compression,upper,99,103,774,768
4,Elbow flexion and wrist compression,upper,100,104,794,788
4,Elbow flexion and wrist compression,upper,101,105,775,769
4,Elbow flexion and wrist compression,upper,102,106,583,626
4,Elbow flexion and wrist compression,upper,103,107,603,647
4,Elbow flexion and wrist compression,upper,104,108,584,627
4,Elbow flexion and wrist compression,upper,105,109,360,360
4,Elbow flexion and wrist compression,upper,106,110,380,380
4,Elbow flexion and wrist compression,upper,107,111,361,361
4,Elbow flexion and wrist compression,upper,108,112,481,581
4,Elbow flexion and wrist compression,upper,109,113,502,601
4,Elbow flexion and wrist compression,upper,110,114,482,582
4,Elbow flexion and wrist compression,upper,111,115,814,818
4,Elbow flexion and wrist compression,upper,112,116,834,839
4,Elbow flexion and wrist compression,upper,113,117,815,819
4,Elbow flexion and wrist compression,upper,114,118,745,745
4,Elbow flexion and wrist compression,upper,115,119,765,765
4,Elbow flexion and wrist compression,upper,116,120,745,745
4,Elbow flexion and wrist compression,upper,117,121,481,485
4,Elbow flexion and wrist compression,upper,118,122,502,505
4,Elbow flexion and wrist compression,upper,119,123,482,485
4,Elbow flexion and wrist compression,upper,120,124,609,609
4,Elbow flexion and wrist compression,upper,121,125,630,630
4,Elbow flexion and wrist compression,upper,122,126,610,610
4,Elbow flexion and wrist compression,upper,123,127,736,736
4,Elbow flexion and wrist compression,upper,124,128,756,756
4,Elbow flexion and wrist compression,upper,125,129,737,737
4,Elbow flexion and wrist compression,upper,126,130,656,656
4,Elbow flexion and wrist compression,upper,127,131,676,676
4,Elbow flexion and wrist compression,upper,128,132,657,657
4,Elbow flexion and wrist compression,upper,129,133,839,880
4,Elbow flexion and wrist compression,upper,130,134,859,880
4,Elbow flexion and wrist compression,upper,131,135,840,880
4,Elbow flexion and wrist compression,upper,132,136,449,656
4,Elbow flexion and wrist compression,upper,133,137,470,676
4,Elbow flexion and wrist compression,upper,134,138,660,660
4,Elbow flexion and wrist compression,upper,135,139,681,681
4,Elbow flexion and wrist compression,upper,136,140,661,661
4,Elbow flexion and wrist compression,upper,137,141,504,659
4,Elbow flexion and wrist compression,upper,138,142,524,680
4,Elbow flexion and wrist compression,upper,139,143,505,660
4,Elbow flexion and wrist compression,upper,140,144,822,822
4,Elbow flexion and wrist compression,upper,141,145,842,842
4,Elbow flexion and wrist compression,upper,142,146,823,823
4,Elbow flexion and wrist compression,upper,143,147,880,880
4,Elbow flexion and wrist compression,upper,144,148,880,880
4,Elbow flexion and wrist compression,upper,145,149,880,880
4,Elbow flexion and wrist compression,upper,146,150,880,880
4,Elbow flexion and wrist compression,upper,147,151,880,880
4,Elbow flexion and wrist compression,upper,148,152,880,880
4,Elbow flexion and wrist compression,upper,149,153,880,880
4,Elbow flexion and wrist compression,upper,150,154,880,880
4,Elbow flexion and wrist compression,upper,151,155,880,880
4,Elbow flexion and wrist compression,upper,152,156,427,427
4,Elbow flexion and wrist compression,upper,153,157,448,448
4,Elbow flexion and wrist compression,upper,154,158,428,428
4,Elbow flexion and wrist compression,upper,155,159,855,880
4,Elbow flexion and wrist compression,upper,156,160,875,880
4,Elbow flexion and wrist compression,upper,157,161,856,880
4,Elbow flexion and wrist compression,upper,158,162,880,880
4,Elbow flexion and wrist compression,upper,159,166,489,489
4,Elbow flexion and wrist compression,upper,160,167,510,510
4,Elbow flexion and wrist compression,upper,161,168,490,490
4,Elbow flexion and wrist compression,upper,162,169,880,880
4,Elbow flexion and wrist compression,upper,163,170,880,880
4,Elbow flexion and wrist compression,upper,164,171,880,880
4,Elbow flexion and wrist compression,upper,165,172,549,549
4,Elbow flexion and wrist compression,upper,166,173,569,569
4,Elbow flexion and wrist compression,upper,167,174,550,550
4,Elbow flexion and wrist compression,upper,168,175,880,880
4,Elbow flexion and wrist compression,upper,169,176,880,880
4,Elbow flexion and wrist compression,upper,170,177,880,880
4,Elbow flexion and wrist compression,upper,171,178,880,880
4,Elbow flexion and wrist compression,upper,172,179,880,880
4,Elbow flexion and wrist compression,upper,173,180,880,880
4,Elbow flexion and wrist compression,upper,174,181,880,880
4,Elbow flexion and wrist compression,upper,175,182,880,880
4,Elbow flexion and wrist compression,upper,176,183,880,880
4,Elbow flexion and wrist compression,upper,177,184,880,880
4,Elbow flexion and wrist compression,upper,178,185,880,880
4,Elbow flexion and wrist compression,upper,179,186,880,880
4,Elbow flexion and wrist compression,upper,180,187,880,880
4,Elbow flexion and wrist compression,upper,181,188,880,880
4,Elbow flexion and wrist compression,upper,182,189,880,880
4,Elbow flexion and wrist compression,upper,183,190,880,880
4,Elbow flexion and wrist compression,upper,184,191,880,880
4,Elbow flexion and wrist compression,upper,185,192,880,880
4,Elbow flexion and wrist compression,upper,186,193,560,880
4,Elbow flexion and wrist compression,upper,187,194,540,880
4,Elbow flexion and wrist compression,upper,188,195,834,880
4,Elbow flexion and wrist compression,upper,189,196,855,880
4,Elbow flexion and wrist compression,upper,190,197,835,880
4,Elbow flexion and wrist compression,upper,191,198,519,664
4,Elbow flexion and wrist compression,upper,192,199,539,684
4,Elbow flexion and wrist compression,upper,193,200,520,665
4,Elbow flexion and wrist compression,upper,194,201,356,384
4,Elbow flexion and wrist compression,upper,195,202,377,404
4,Elbow flexion and wrist compression,upper,196,203,357,385
4,Elbow flexion and wrist compression,upper,197,204,664,720
4,Elbow flexion and wrist compression,upper,198,205,684,740
4,Elbow flexion and wrist compression,upper,199,206,665,721
4,Elbow flexion and wrist compression,upper,200,207,880,880
4,Elbow flexion and wrist compression,upper,201,208,880,880
4,Elbow flexion and wrist compression,upper,202,209,880,880
4,Elbow flexion and wrist compression,upper,203,210,653,649
4,Elbow flexion and wrist compression,upper,204,211,673,670
4,Elbow flexion and wrist compression,upper,205,212,653,650
4,Elbow flexion and wrist compression,upper,206,213,453,573
4,Elbow flexion and wrist compression,upper,207,214,473,593
4,Elbow flexion and wrist compression,upper,208,215,453,573
4,Elbow flexion and wrist compression,upper,209,216,743,646
4,Elbow flexion and wrist compression,upper,210,217,763,666
4,Elbow flexion and wrist compression,upper,211,218,744,647
4,Elbow flexion and wrist compression,upper,212,222,581,880
4,Elbow flexion and wrist compression,upper,213,223,601,880
4,Elbow flexion and wrist compression,upper,214,224,582,880
4,Elbow flexion and wrist compression,upper,215,225,722,774
4,Elbow flexion and wrist compression,upper,216,226,596,645
4,Elbow flexion and wrist compression,upper,217,227,743,794
4,Elbow flexion and wrist compression,upper,218,228,649,696
4,Elbow flexion and wrist compression,upper,219,229,723,775
4,Elbow flexion and wrist compression,upper,220,230,677,725
4,Elbow flexion and wrist compression,upper,221,231,880,706
4,Elbow flexion and wrist compression,upper,222,232,833,581
4,Elbow flexion and wrist compression,upper,223,233,880,727
4,Elbow flexion and wrist compression,upper,224,234,871,635
4,Elbow flexion and wrist compression,upper,225,235,880,707
4,Elbow flexion and wrist compression,upper,226,236,533,607
4,Elbow flexion and wrist compression,upper,227,237,553,627
4,Elbow flexion and wrist compression,upper,228,238,484,549
4,Elbow flexion and wrist compression,upper,229,239,829,880
4,Elbow flexion and wrist compression,upper,230,240,696,754
4,Elbow flexion and wrist compression,upper,231,241,849,880
4,Elbow flexion and wrist compression,upper,232,242,743,798
4,Elbow flexion and wrist compression,upper,233,243,829,880
4,Elbow flexion and wrist compression,upper,234,244,776,835
4,Elbow flexion and wrist compression,upper,235,245,365,408
4,Elbow flexion and wrist compression,upper,236,247,385,428
4,Elbow flexion and wrist compression,upper,237,248,337,374
4,Elbow flexion and wrist compression,upper,238,249,365,409
4,Elbow flexion and wrist compression,upper,239,250,341,382
4,Elbow flexion and wrist compression,upper,240,251,783,848
4,Elbow flexion and wrist compression,upper,241,252,653,714
4,Elbow flexion and wrist compression,upper,242,253,803,868
4,Elbow flexion and wrist compression,upper,243,254,703,760
4,Elbow flexion and wrist compression,upper,244,255,784,849
4,Elbow flexion and wrist compression,upper,245,256,734,794
4,Elbow flexion and wrist compression,upper,246,257,876,880
4,Elbow flexion and wrist compression,upper,247,258,740,867
4,Elbow flexion and wrist compression,upper,248,259,880,880
4,Elbow flexion and wrist compression,upper,249,260,785,880
4,Elbow flexion and wrist compression,upper,250,261,877,880
4,Elbow flexion and wrist compression,upper,251,262,821,880
4,Elbow flexion and wrist compression,upper,252,263,645,869
4,Elbow flexion and wrist compression,upper,253,264,523,733
4,Elbow flexion and wrist compression,upper,254,265,665,880
4,Elbow flexion and wrist compression,upper,255,266,582,778
4,Elbow flexion and wrist compression,upper,256,267,645,869
4,Elbow flexion and wrist compression,upper,257,268,604,814
4,Elbow flexion and wrist compression,upper,258,269,870,880
4,Elbow flexion and wrist compression,upper,259,270,735,880
4,Elbow flexion and wrist compression,upper,260,271,880,880
4,Elbow flexion and wrist compression,upper,261,272,780,880
4,Elbow flexion and wrist compression,upper,262,273,871,880
4,Elbow flexion and wrist compression,upper,263,274,815,880
4,Elbow flexion and wrist compression,upper,264,275,683,680
4,Elbow flexion and wrist compression,upper,265,276,559,556
4,Elbow flexion and wrist compression,upper,266,277,704,700
4,Elbow flexion and wrist compression,upper,267,278,616,612
4,Elbow flexion and wrist compression,upper,268,279,684,681
4,Elbow flexion and wrist compression,upper,269,280,640,637
4,Elbow flexion and wrist compression,upper,270,281,502,777
4,Elbow flexion and wrist compression,upper,271,282,390,648
4,Elbow flexion and wrist compression,upper,272,283,522,798
4,Elbow flexion and wrist compression,upper,273,284,458,698
4,Elbow flexion and wrist compression,upper,274,285,503,778
4,Elbow flexion and wrist compression,upper,275,286,470,728
5,Wrist flexion and extension,upper,0,0,880,880
5,Wrist flexion and extension,upper,1,1,880,880
5,Wrist flexion and extension,upper,2,2,880,880
5,Wrist flexion and extension,upper,3,3,880,880
5,Wrist flexion and extension,upper,4,4,880,880
5,Wrist flexion and extension,upper,5,5,880,880
5,Wrist flexion and extension,upper,6,9,880,880
5,Wrist flexion and extension,upper,7,10,494,494
5,Wrist flexion and extension,upper,8,11,514,514
5,Wrist flexion and extension,upper,9,12,495,495
5,Wrist flexion and extension,upper,10,13,458,665
5,Wrist flexion and extension,upper,11,14,439,646
5,Wrist flexion and extension,upper,12,18,409,409
5,Wrist flexion and extension,upper,13,19,430,430
5,Wrist flexion and extension,upper,14,20,410,410
5,Wrist flexion and extension,upper,15,21,860,860
5,Wrist flexion and extension,upper,16,22,880,880
5,Wrist flexion and extension,upper,17,23,861,861
5,Wrist flexion and extension,upper,18,24,521,521
5,Wrist flexion and extension,upper,19,25,542,542
5,Wrist flexion and extension,upper,20,26,522,522
5,Wrist flexion and extension,upper,21,27,839,839
5,Wrist flexion and extension,upper,22,28,859,859
5,Wrist flexion and extension,upper,23,29,840,840
5,Wrist flexion and extension,upper,24,30,880,880
5,Wrist flexion and extension,upper,25,31,880,880
5,Wrist flexion and extension,upper,26,32,880,880
5,Wrist flexion and extension,upper,27,33,880,880
5,Wrist flexion and extension,upper,28,34,880,880
5,Wrist flexion and extension,upper,29,35,880,880
5,Wrist flexion and extension,upper,30,36,880,880
5,Wrist flexion and extension,upper,31,37,880,880
5,Wrist flexion and extension,upper,32,38,880,880
5,Wrist flexion and extension,upper,33,39,729,729
5,Wrist flexion and extension,upper,34,40,750,750
5,Wrist flexion and extension,upper,35,41,730,730
5,Wrist flexion and extension,upper,36,45,841,841
5,Wrist flexion and extension,upper,37,46,861,861
5,Wrist flexion and extension,upper,38,47,841,841
5,Wrist flexion and extension,upper,39,48,880,880
5,Wrist flexion and extension,upper,40,49,880,880
5,Wrist flexion and extension,upper,41,50,880,880
5,Wrist flexion and extension,upper,42,51,880,880
5,Wrist flexion and extension,upper,43,52,878,878
5,Wrist flexion and extension,upper,44,53,880,880
5,Wrist flexion and extension,upper,45,54,880,880
5,Wrist flexion and extension,upper,46,55,736,736
5,Wrist flexion and extension,upper,47,56,756,756
5,Wrist flexion and extension,upper,48,57,737,737
5,Wrist flexion and extension,upper,49,58,682,682
5,Wrist flexion and extension,upper,50,59,703,703
5,Wrist flexion and extension,upper,51,60,683,683
5,Wrist flexion and extension,upper,52,61,880,880
5,Wrist flexion and extension,upper,53,62,880,880
5,Wrist flexion and extension,upper,54,63,880,880
5,Wrist flexion and extension,upper,55,64,880,880
5,Wrist flexion and extension,upper,56,65,880,880
5,Wrist flexion and extension,upper,57,66,880,880
5,Wrist flexion and extension,upper,58,67,880,880
5,Wrist flexion and extension,upper,59,68,880,880
5,Wrist flexion and extension,upper,60,69,880,880
5,Wrist flexion and extension,upper,61,70,880,880
5,Wrist flexion and extension,upper,62,71,880,880
5,Wrist flexion and extension,upper,63,72,880,880
5,Wrist flexion and extension,upper,64,73,880,880
5,Wrist flexion and extension,upper,65,74,880,880
5,Wrist flexion and extension,upper,66,75,880,880
5,Wrist flexion and extension,upper,67,76,880,880
5,Wrist flexion and extension,upper,68,77,880,880
5,Wrist flexion and extension,upper,69,78,880,880
5,Wrist flexion and extension,upper,70,79,880,880
5,Wrist flexion and extension,upper,71,80,880,880
5,Wrist flexion and extension,upper,72,81,880,880
5,Wrist flexion and extension,upper,73,82,880,880
5,Wrist flexion and extension,upper,74,83,880,880
5,Wrist flexion and extension,upper,75,84,880,880
5,Wrist flexion and extension,upper,76,85,614,614
5,Wrist flexion and extension,upper,77,86,594,594
5,Wrist flexion and extension,upper,78,87,880,880
5,Wrist flexion and extension,upper,79,88,880,880
5,Wrist flexion and extension,upper,80,89,880,880
5,Wrist flexion and extension,upper,81,90,880,880
5,Wrist flexion and extension,upper,82,91,880,880
5,Wrist flexion and extension,upper,83,92,880,880
5,Wrist flexion and extension,upper,84,93,785,785
5,Wrist flexion and extension,upper,85,94,805,805
5,Wrist flexion and extension,upper,86,95,785,785
5,Wrist flexion and extension,upper,87,96,597,597
5,Wrist flexion and extension,upper,88,97,617,617
5,Wrist flexion and extension,upper,89,98,597,597
5,Wrist flexion and extension,upper,90,99,359,359
5,Wrist flexion and extension,upper,91,100,379,379
5,Wrist flexion and extension,upper,92,101,360,360
5,Wrist flexion and extension,upper,93,102,769,769
5,Wrist flexion and extension,upper,94,103,790,790
5,Wrist flexion and extension,upper,95,104,770,770
5,Wrist flexion and extension,upper,96,105,880,880
5,Wrist flexion and extension,upper,97,106,880,880
5,Wrist flexion and extension,upper,98,107,880,880
5,Wrist flexion and extension,upper,99,108,354,880
5,Wrist flexion and extension,upper,100,109,375,880
5,Wrist flexion and extension,upper,101,110,355,880
5,Wrist flexion and extension,upper,102,111,453,453
5,Wrist flexion and extension,upper,103,112,473,473
5,Wrist flexion and extension,upper,104,113,454,454
5,Wrist flexion and extension,upper,105,114,686,686
5,Wrist flexion and extension,upper,106,115,706,706
5,Wrist flexion and extension,upper,107,116,687,687
5,Wrist flexion and extension,upper,108,117,509,509
5,Wrist flexion and extension,upper,109,118,529,529
5,Wrist flexion and extension,upper,110,119,510,510
5,Wrist flexion and extension,upper,111,120,880,880
5,Wrist flexion and extension,upper,112,121,880,880
5,Wrist flexion and extension,upper,113,122,880,880
5,Wrist flexion and extension,upper,114,123,536,579
5,Wrist flexion and extension,upper,115,124,556,600
5,Wrist flexion and extension,upper,116,125,537,580
5,Wrist flexion and extension,upper,117,129,576,576
5,Wrist flexion and extension,upper,118,130,596,596
5,Wrist flexion and extension,upper,119,131,577,577
5,Wrist flexion and extension,upper,120,132,492,492
5,Wrist flexion and extension,upper,121,133,513,513
5,Wrist flexion and extension,upper,122,134,493,493
5,Wrist flexion and extension,upper,123,135,880,880
5,Wrist flexion and extension,upper,124,136,880,880
5,Wrist flexion and extension,upper,125,137,880,880
5,Wrist flexion and extension,upper,126,138,581,581
5,Wrist flexion and extension,upper,127,139,601,601
5,Wrist flexion and extension,upper,128,140,582,582
5,Wrist flexion and extension,upper,129,141,661,661
5,Wrist flexion and extension,upper,130,142,681,681
5,Wrist flexion and extension,upper,131,143,661,661
5,Wrist flexion and extension,upper,132,144,880,880
5,Wrist flexion and extension,upper,133,145,880,880
5,Wrist flexion and extension,upper,134,146,880,880
5,Wrist flexion and extension,upper,135,147,573,746
5,Wrist flexion and extension,upper,136,148,593,767
5,Wrist flexion and extension,upper,137,149,573,747
5,Wrist flexion and extension,upper,138,150,880,880
5,Wrist flexion and extension,upper,139,151,880,880
5,Wrist flexion and extension,upper,140,152,880,880
5,Wrist flexion and extension,upper,141,153,461,461
5,Wrist flexion and extension,upper,142,154,481,481
5,Wrist flexion and extension,upper,143,155,461,461
5,Wrist flexion and extension,upper,144,156,880,880
5,Wrist flexion and extension,upper,145,157,880,880
5,Wrist flexion and extension,upper,146,158,880,880
5,Wrist flexion and extension,upper,147,159,620,620
5,Wrist flexion and extension,upper,148,160,641,641
5,Wrist flexion and extension,upper,149,161,621,621
5,Wrist flexion and extension,upper,150,162,760,760
5,Wrist flexion and extension,upper,151,163,780,780
5,Wrist flexion and extension,upper,152,164,761,761
5,Wrist flexion and extension,upper,153,165,419,419
5,Wrist flexion and extension,upper,154,166,440,440
5,Wrist flexion and extension,upper,155,167,420,420
5,Wrist flexion and extension,upper,156,168,880,880
5,Wrist flexion and extension,upper,157,169,880,880
5,Wrist flexion and extension,upper,158,170,880,880
5,Wrist flexion and extension,upper,159,171,880,880
5,Wrist flexion and extension,upper,160,172,880,880
5,Wrist flexion and extension,upper,161,173,880,880
5,Wrist flexion and extension,upper,162,174,822,822
5,Wrist flexion and extension,upper,163,175,842,842
5,Wrist flexion and extension,upper,164,176,823,823
5,Wrist flexion and extension,upper,165,177,410,410
5,Wrist flexion and extension,upper,166,178,431,431
5,Wrist flexion and extension,upper,167,179,411,411
5,Wrist flexion and extension,upper,168,180,651,880
5,Wrist flexion and extension,upper,169,181,672,880
5,Wrist flexion and extension,upper,170,182,652,880
5,Wrist flexion and extension,upper,171,183,880,880
5,Wrist flexion and extension,upper,172,184,880,880
5,Wrist flexion and extension,upper,173,185,880,880
5,Wrist flexion and extension,upper,174,186,525,525
5,Wrist flexion and extension,upper,175,187,545,545
5,Wrist flexion and extension,upper,176,188,526,526
5,Wrist flexion and extension,upper,177,189,836,836
5,Wrist flexion and extension,upper,178,190,857,857
5,Wrist flexion and extension,upper,179,191,837,837
5,Wrist flexion and extension,upper,180,192,560,560
5,Wrist flexion and extension,upper,181,193,580,580
5,Wrist flexion and extension,upper,182,194,561,561
5,Wrist flexion and extension,upper,183,195,461,461
5,Wrist flexion and extension,upper,184,196,481,481
5,Wrist flexion and extension,upper,185,197,462,462
5,Wrist flexion and extension,upper,186,198,527,527
5,Wrist flexion and extension,upper,187,199,547,547
5,Wrist flexion and extension,upper,188,200,528,528
5,Wrist flexion and extension,upper,189,201,880,880
5,Wrist flexion and extension,upper,190,202,880,880
5,Wrist flexion and extension,upper,191,203,880,880
5,Wrist flexion and extension,upper,192,204,681,681
5,Wrist flexion and extension,upper,193,205,701,701
5,Wrist flexion and extension,upper,194,206,681,681
5,Wrist flexion and extension,upper,195,207,880,880
5,Wrist flexion and extension,upper,196,208,880,880
5,Wrist flexion and extension,upper,197,209,880,880
5,Wrist flexion and extension,upper,198,210,880,880
5,Wrist flexion and extension,upper,199,211,880,880
5,Wrist flexion and extension,upper,200,212,880,880
5,Wrist flexion and extension,upper,201,213,880,880
5,Wrist flexion and extension,upper,202,214,880,880
5,Wrist flexion and extension,upper,203,215,880,880
5,Wrist flexion and extension,upper,204,216,677,677
5,Wrist flexion and extension,upper,205,217,697,697
5,Wrist flexion and extension,upper,206,218,677,677
5,Wrist flexion and extension,upper,207,219,880,880
5,Wrist flexion and extension,upper,208,220,880,880
5,Wrist flexion and extension,upper,209,221,880,880
5,Wrist flexion and extension,upper,210,222,880,880
5,Wrist flexion and extension,upper,211,223,880,880
5,Wrist flexion and extension,upper,212,224,880,880
5,Wrist flexion and extension,upper,213,225,880,880
5,Wrist flexion and extension,upper,214,226,880,880
5,Wrist flexion and extension,upper,215,227,880,880
5,Wrist flexion and extension,upper,216,228,880,880
5,Wrist flexion and extension,upper,217,229,880,880
5,Wrist flexion and extension,upper,218,230,880,880
5,Wrist flexion and extension,upper,219,231,880,880
5,Wrist flexion and extension,upper,220,232,880,880
5,Wrist flexion and extension,upper,221,234,411,411
5,Wrist flexion and extension,upper,222,236,477,477
5,Wrist flexion and extension,upper,223,238,492,492
5,Wrist flexion and extension,upper,224,239,880,880
5,Wrist flexion and extension,upper,225,240,768,880
5,Wrist flexion and extension,upper,226,241,880,880
5,Wrist flexion and extension,upper,227,242,811,880
5,Wrist flexion and extension,upper,228,243,880,880
5,Wrist flexion and extension,upper,229,244,849,880
5,Wrist flexion and extension,upper,230,245,515,552
5,Wrist flexion and extension,upper,231,246,657,697
5,Wrist flexion and extension,upper,232,247,575,609
5,Wrist flexion and extension,upper,233,248,880,880
5,Wrist flexion and extension,upper,234,249,880,880
5,Wrist flexion and extension,upper,235,250,880,880
5,Wrist flexion and extension,upper,236,251,880,880
5,Wrist flexion and extension,upper,237,252,880,880
5,Wrist flexion and extension,upper,238,253,880,880
5,Wrist flexion and extension,upper,239,254,629,880
5,Wrist flexion and extension,upper,240,255,508,880
5,Wrist flexion and extension,upper,241,256,649,880
5,Wrist flexion and extension,upper,242,257,568,880
5,Wrist flexion and extension,upper,243,258,629,880
5,Wrist flexion and extension,upper,244,259,589,880
5,Wrist flexion and extension,upper,245,260,880,880
5,Wrist flexion and extension,upper,246,261,880,880
5,Wrist flexion and extension,upper,247,262,880,880
5,Wrist flexion and extension,upper,248,263,880,880
5,Wrist flexion and extension,upper,249,264,880,880
5,Wrist flexion and extension,upper,250,265,880,880
5,Wrist flexion and extension,upper,251,266,813,825
5,Wrist flexion and extension,upper,252,267,681,692
5,Wrist flexion and extension,upper,253,268,833,845
5,Wrist flexion and extension,upper,254,269,729,739
5,Wrist flexion and extension,upper,255,270,814,825
5,Wrist flexion and extension,upper,256,271,762,773
5,Wrist flexion and extension,upper,257,272,880,880
5,Wrist flexion and extension,upper,258,273,880,880
5,Wrist flexion and extension,upper,259,274,880,880
5,Wrist flexion and extension,upper,260,275,880,880
5,Wrist flexion and extension,upper,261,276,880,880
5,Wrist flexion and extension,upper,262,277,880,880
5,Wrist flexion and extension,upper,263,278,780,880
5,Wrist flexion and extension,upper,264,279,650,808
5,Wrist flexion and extension,upper,265,280,801,880
5,Wrist flexion and extension,upper,266,281,701,848
5,Wrist flexion and extension,upper,267,282,781,880
5,Wrist flexion and extension,upper,268,283,731,880
5,Wrist flexion and extension,upper,269,284,880,880
5,Wrist flexion and extension,upper,270,285,880,857
5,Wrist flexion and extension,upper,271,286,880,880
5,Wrist flexion and extension,upper,272,287,880,880
5,Wrist flexion and extension,upper,273,288,880,880
5,Wrist flexion and extension,upper,274,289,880,880
5,Wrist flexion and extension,upper,275,290,864,880
5,Wrist flexion and extension,upper,276,291,729,791
5,Wrist flexion and extension,upper,277,292,880,880
6,Finger-to-finger training,upper,0,0,520,516
6,Finger-to-finger training,upper,1,1,500,497
6,Finger-to-finger training,upper,2,3,316,368
6,Finger-to-finger training,upper,3,5,880,880
6,Finger-to-finger training,upper,4,6,880,880
6,Finger-to-finger training,upper,5,7,880,880
6,Finger-to-finger training,upper,6,8,880,880
6,Finger-to-finger training,upper,7,9,880,880
6,Finger-to-finger training,upper,8,10,880,880
6,Finger-to-finger training,upper,9,11,736,572
6,Finger-to-finger training,upper,10,12,756,593
6,Finger-to-finger training,upper,11,13,737,573
6,Finger-to-finger training,upper,12,14,880,880
6,Finger-to-finger training,upper,13,15,880,880
6,Finger-to-finger training,upper,14,16,880,880
6,Finger-to-finger training,upper,15,17,880,880
6,Finger-to-finger training,upper,16,18,880,880
6,Finger-to-finger training,upper,17,19,880,880
6,Finger-to-finger training,upper,18,20,880,880
6,Finger-to-finger training,upper,19,21,880,880
6,Finger-to-finger training,upper,20,22,880,880
6,Finger-to-finger training,upper,21,23,880,801
6,Finger-to-finger training,upper,22,24,880,822
6,Finger-to-finger training,upper,23,25,880,802
6,Finger-to-finger training,upper,24,26,602,651
6,Finger-to-finger training,upper,25,27,623,672
6,Finger-to-finger training,upper,26,28,603,652
6,Finger-to-finger training,upper,27,29,482,473
6,Finger-to-finger training,upper,28,30,503,493
6,Finger-to-finger training,upper,29,31,483,473
6,Finger-to-finger training,upper,30,32,880,880
6,Finger-to-finger training,upper,31,33,880,880
6,Finger-to-finger training,upper,32,34,880,880
6,Finger-to-finger training,upper,33,35,551,615
6,Finger-to-finger training,upper,34,36,571,635
6,Finger-to-finger training,upper,35,37,552,616
6,Finger-to-finger training,upper,36,38,875,821
6,Finger-to-finger training,upper,37,39,880,841
6,Finger-to-finger training,upper,38,40,876,822
6,Finger-to-finger training,upper,39,41,578,669
6,Finger-to-finger training,upper,40,42,599,689
6,Finger-to-finger training,upper,41,43,579,670
6,Finger-to-finger training,upper,42,44,775,777
6,Finger-to-finger training,upper,43,45,795,798
6,Finger-to-finger training,upper,44,46,776,778
6,Finger-to-finger training,upper,45,47,668,653
6,Finger-to-finger training,upper,46,48,689,673
6,Finger-to-finger training,upper,47,49,669,653
6,Finger-to-finger training,upper,48,50,769,765
6,Finger-to-finger training,upper,49,51,789,785
6,Finger-to-finger training,upper,50,52,769,766
6,Finger-to-finger training,upper,51,53,322,319
6,Finger-to-finger training,upper,52,54,343,339
6,Finger-to-finger training,upper,53,55,323,320
6,Finger-to-finger training,upper,54,56,519,416
6,Finger-to-finger training,upper,55,57,539,436
6,Finger-to-finger training,upper,56,58,520,417
6,Finger-to-finger training,upper,57,59,880,804
6,Finger-to-finger training,upper,58,60,880,825
6,Finger-to-finger training,upper,59,61,880,805
6,Finger-to-finger training,upper,60,62,880,880
6,Finger-to-finger training,upper,61,63,880,880
6,Finger-to-finger training,upper,62,64,880,880
6,Finger-to-finger training,upper,63,65,880,880
6,Finger-to-finger training,upper,64,66,880,880
6,Finger-to-finger training,upper,65,67,880,880
6,Finger-to-finger training,upper,66,68,880,880
6,Finger-to-finger training,upper,67,69,880,880
6,Finger-to-finger training,upper,68,70,880,880
6,Finger-to-finger training,upper,69,71,847,880
6,Finger-to-finger training,upper,70,72,867,880
6,Finger-to-finger training,upper,71,73,848,880
6,Finger-to-finger training,upper,72,74,396,401
6,Finger-to-finger training,upper,73,75,417,421
6,Finger-to-finger training,upper,74,76,397,401
6,Finger-to-finger training,upper,75,77,880,880
6,Finger-to-finger training,upper,76,78,880,880
6,Finger-to-finger training,upper,77,79,880,880
6,Finger-to-finger training,upper,78,80,880,880
6,Finger-to-finger training,upper,79,81,880,880
6,Finger-to-finger training,upper,80,82,880,880
6,Finger-to-finger training,upper,81,83,793,828
6,Finger-to-finger training,upper,82,84,814,849
6,Finger-to-finger training,upper,83,85,794,829
6,Finger-to-finger training,upper,84,86,880,880
6,Finger-to-finger training,upper,85,87,880,880
6,Finger-to-finger training,upper,86,88,880,880
6,Finger-to-finger training,upper,87,89,644,629
6,Finger-to-finger training,upper,88,90,665,649
6,Finger-to-finger training,upper,89,91,645,630
6,Finger-to-finger training,upper,90,92,672,686
6,Finger-to-finger training,upper,91,93,692,706
6,Finger-to-finger training,upper,92,94,673,687
6,Finger-to-finger training,upper,93,95,676,649
6,Finger-to-finger training,upper,94,96,697,669
6,Finger-to-finger training,upper,95,97,677,649
6,Finger-to-finger training,upper,96,98,880,880
6,Finger-to-finger training,upper,97,99,880,880
6,Finger-to-finger training,upper,98,100,880,880
6,Finger-to-finger training,upper,99,101,824,880
6,Finger-to-finger training,upper,100,102,844,880
6,Finger-to-finger training,upper,101,103,825,880
6,Finger-to-finger training,upper,102,104,549,565
6,Finger-to-finger training,upper,103,105,569,585
6,Finger-to-finger training,upper,104,106,550,566
6,Finger-to-finger training,upper,105,107,549,580
6,Finger-to-finger training,upper,106,108,569,601
6,Finger-to-finger training,upper,107,109,549,581
6,Finger-to-finger training,upper,108,110,880,880
6,Finger-to-finger training,upper,109,111,880,880
6,Finger-to-finger training,upper,110,112,880,880
6,Finger-to-finger training,upper,111,113,782,784
6,Finger-to-finger training,upper,112,114,802,804
6,Finger-to-finger training,upper,113,115,783,785
6,Finger-to-finger training,upper,114,116,880,880
6,Finger-to-finger training,upper,115,117,880,880
6,Finger-to-finger training,upper,116,118,880,880
6,Finger-to-finger training,upper,117,119,880,880
6,Finger-to-finger training,upper,118,120,880,880
6,Finger-to-finger training,upper,119,121,880,880
6,Finger-to-finger training,upper,120,122,880,880
6,Finger-to-finger training,upper,121,123,880,880
6,Finger-to-finger training,upper,122,124,880,880
6,Finger-to-finger training,upper,123,125,609,661
6,Finger-to-finger training,upper,124,126,630,681
6,Finger-to-finger training,upper,125,127,610,662
6,Finger-to-finger training,upper,126,128,880,880
6,Finger-to-finger training,upper,127,129,880,880
6,Finger-to-finger training,upper,128,130,880,880
6,Finger-to-finger training,upper,129,131,521,523
6,Finger-to-finger training,upper,130,132,541,544
6,Finger-to-finger training,upper,131,133,521,524
6,Finger-to-finger training,upper,132,134,880,880
6,Finger-to-finger training,upper,133,135,880,880
6,Finger-to-finger training,upper,134,136,880,880
6,Finger-to-finger training,upper,135,137,880,880
6,Finger-to-finger training,upper,136,138,880,880
6,Finger-to-finger training,upper,137,139,880,880
6,Finger-to-finger training,upper,138,140,832,777
6,Finger-to-finger training,upper,139,141,852,798
6,Finger-to-finger training,upper,140,142,833,778
6,Finger-to-finger training,upper,141,143,605,713
6,Finger-to-finger training,upper,142,144,625,733
6,Finger-to-finger training,upper,143,145,606,713
6,Finger-to-finger training,upper,144,146,880,717
6,Finger-to-finger training,upper,145,147,880,737
6,Finger-to-finger training,upper,146,148,880,718
6,Finger-to-finger training,upper,147,149,880,880
6,Finger-to-finger training,upper,148,150,880,880
6,Finger-to-finger training,upper,149,151,880,880
6,Finger-to-finger training,upper,150,152,541,822
6,Finger-to-finger training,upper,151,153,561,842
6,Finger-to-finger training,upper,152,154,541,823
6,Finger-to-finger training,upper,153,155,542,729
6,Finger-to-finger training,upper,154,156,574,715
6,Finger-to-finger training,upper,155,157,554,696
6,Finger-to-finger training,upper,156,158,784,842
6,Finger-to-finger training,upper,157,159,654,708
6,Finger-to-finger training,upper,158,160,804,863
6,Finger-to-finger training,upper,159,161,704,755
6,Finger-to-finger training,upper,160,162,785,843
6,Finger-to-finger training,upper,161,163,734,789
6,Finger-to-finger training,upper,162,164,552,571
6,Finger-to-finger training,upper,163,165,436,454
6,Finger-to-finger training,upper,164,166,572,592
6,Finger-to-finger training,upper,165,167,500,518
6,Finger-to-finger training,upper,166,168,553,572
6,Finger-to-finger training,upper,167,169,517,535
6,Finger-to-finger training,upper,168,170,593,575
6,Finger-to-finger training,upper,169,171,474,458
6,Finger-to-finger training,upper,170,172,613,595
6,Finger-to-finger training,upper,171,173,537,521
6,Finger-to-finger training,upper,172,174,593,576
6,Finger-to-finger training,upper,173,175,555,539
6,Finger-to-finger training,upper,174,176,746,880
6,Finger-to-finger training,upper,175,177,618,770
6,Finger-to-finger training,upper,176,178,767,880
6,Finger-to-finger training,upper,177,179,671,813
6,Finger-to-finger training,upper,178,180,747,880
6,Finger-to-finger training,upper,179,181,699,851
6,Finger-to-finger training,upper,180,182,418,486
6,Finger-to-finger training,upper,181,183,311,375
6,Finger-to-finger training,upper,182,184,439,506
6,Finger-to-finger training,upper,183,185,383,444
6,Finger-to-finger training,upper,184,186,419,487
6,Finger-to-finger training,upper,185,187,392,455
6,Finger-to-finger training,upper,186,188,351,401
6,Finger-to-finger training,upper,187,189,452,689
6,Finger-to-finger training,upper,188,190,342,564
6,Finger-to-finger training,upper,189,191,473,709
6,Finger-to-finger training,upper,190,192,413,621
6,Finger-to-finger training,upper,191,193,453,689
6,Finger-to-finger training,upper,192,194,423,645
6,Finger-to-finger training,upper,193,195,516,695
6,Finger-to-finger training,upper,194,196,402,570
6,Finger-to-finger training,upper,195,197,537,715
6,Finger-to-finger training,upper,196,198,469,627
6,Finger-to-finger training,upper,197,199,517,696
6,Finger-to-finger training,upper,198,200,483,651
6,Finger-to-finger training,upper,199,201,536,673
6,Finger-to-finger training,upper,200,202,421,549
6,Finger-to-finger training,upper,201,203,556,693
6,Finger-to-finger training,upper,202,204,486,607
6,Finger-to-finger training,upper,203,205,537,673
6,Finger-to-finger training,upper,204,206,502,630
6,Finger-to-finger training,upper,205,237,371,421
6,Finger-to-finger training,upper,206,238,325,369
6,Finger-to-finger training,upper,207,239,352,401
6,Finger-to-finger training,upper,208,240,329,375
6,Finger-to-finger training,upper,209,252,872,880
6,Finger-to-finger training,upper,210,259,880,880
7,Ball gripping,upper,0,0,601,767
7,Ball gripping,upper,1,1,582,747
7,Ball gripping,upper,2,2,764,880
7,Ball gripping,upper,3,3,785,880
7,Ball gripping,upper,4,4,765,880
7,Ball gripping,upper,5,5,529,813
7,Ball gripping,upper,6,6,549,833
7,Ball gripping,upper,7,7,529,814
7,Ball gripping,upper,8,8,722,880
7,Ball gripping,upper,9,9,743,880
7,Ball gripping,upper,10,10,723,880
7,Ball gripping,upper,11,11,880,880
7,Ball gripping,upper,12,12,880,880
7,Ball gripping,upper,13,13,880,880
7,Ball gripping,upper,14,14,584,625
7,Ball gripping,upper,15,15,604,645
7,Ball gripping,upper,16,16,585,625
7,Ball gripping,upper,17,17,880,880
7,Ball gripping,upper,18,18,880,880
7,Ball gripping,upper,19,19,880,880
7,Ball gripping,upper,20,20,755,470
7,Ball gripping,upper,21,21,776,490
7,Ball gripping,upper,22,22,756,471
7,Ball gripping,upper,23,23,880,210
7,Ball gripping,upper,24,24,880,231
7,Ball gripping,upper,25,25,880,211
7,Ball gripping,upper,26,26,617,880
7,Ball gripping,upper,27,27,638,880
7,Ball gripping,upper,28,28,618,880
7,Ball gripping,upper,29,29,688,693
7,Ball gripping,upper,30,30,708,713
7,Ball gripping,upper,31,31,689,694
7,Ball gripping,upper,32,32,880,880
7,Ball gripping,upper,33,33,880,880
7,Ball gripping,upper,34,34,880,880
7,Ball gripping,upper,35,38,735,701
7,Ball gripping,upper,36,39,755,721
7,Ball gripping,upper,37,40,736,702
7,Ball gripping,upper,38,41,880,880
7,Ball gripping,upper,39,42,880,880
7,Ball gripping,upper,40,43,880,880
7,Ball gripping,upper,41,44,880,880
7,Ball gripping,upper,42,45,880,880
7,Ball gripping,upper,43,46,880,880
7,Ball gripping,upper,44,47,501,366
7,Ball gripping,upper,45,48,521,386
7,Ball gripping,upper,46,49,502,367
7,Ball gripping,upper,47,50,749,777
7,Ball gripping,upper,48,51,769,797
7,Ball gripping,upper,49,52,880,880
7,Ball gripping,upper,50,53,880,880
7,Ball gripping,upper,51,54,880,880
7,Ball gripping,upper,52,55,880,880
7,Ball gripping,upper,53,56,880,880
7,Ball gripping,upper,54,57,880,880
7,Ball gripping,upper,55,58,654,649
7,Ball gripping,upper,56,59,655,649
7,Ball gripping,upper,57,60,880,880
7,Ball gripping,upper,58,61,880,880
7,Ball gripping,upper,59,62,880,880
7,Ball gripping,upper,60,63,520,508
7,Ball gripping,upper,61,64,540,529
7,Ball gripping,upper,62,65,521,509
7,Ball gripping,upper,63,66,880,880
7,Ball gripping,upper,64,67,880,880
7,Ball gripping,upper,65,68,880,880
7,Ball gripping,upper,66,69,880,880
7,Ball gripping,upper,67,70,880,880
7,Ball gripping,upper,68,71,880,880
7,Ball gripping,upper,69,72,880,880
7,Ball gripping,upper,70,73,790,784
7,Ball gripping,upper,71,74,810,804
7,Ball gripping,upper,72,75,791,785
7,Ball gripping,upper,73,76,539,313
7,Ball gripping,upper,74,77,560,333
7,Ball gripping,upper,75,78,540,313
7,Ball gripping,upper,76,79,619,608
7,Ball gripping,upper,77,80,640,628
7,Ball gripping,upper,78,81,620,609
7,Ball gripping,upper,79,82,603,617
7,Ball gripping,upper,80,83,624,637
7,Ball gripping,upper,81,84,604,617
7,Ball gripping,upper,82,85,809,797
7,Ball gripping,upper,83,86,829,817
7,Ball gripping,upper,84,87,809,797
7,Ball gripping,upper,85,88,599,602
7,Ball gripping,upper,86,89,619,623
7,Ball gripping,upper,87,90,600,603
7,Ball gripping,upper,88,91,609,880
7,Ball gripping,upper,89,92,630,880
7,Ball gripping,upper,90,93,610,880
7,Ball gripping,upper,91,94,880,880
7,Ball gripping,upper,92,95,880,880
7,Ball gripping,upper,93,96,880,880
7,Ball gripping,upper,94,97,471,457
7,Ball gripping,upper,95,98,491,478
7,Ball gripping,upper,96,99,472,458
7,Ball gripping,upper,97,100,880,880
7,Ball gripping,upper,98,101,880,880
7,Ball gripping,upper,99,102,880,880
7,Ball gripping,upper,100,103,865,880
7,Ball gripping,upper,101,104,880,880
7,Ball gripping,upper,102,105,866,880
7,Ball gripping,upper,103,106,365,415
7,Ball gripping,upper,104,107,385,435
7,Ball gripping,upper,105,108,365,416
7,Ball gripping,upper,106,109,650,79
7,Ball gripping,upper,107,110,631,59
7,Ball gripping,upper,108,111,880,880
7,Ball gripping,upper,109,112,880,880
7,Ball gripping,upper,110,113,880,880
7,Ball gripping,upper,111,114,880,880
7,Ball gripping,upper,112,115,880,880
7,Ball gripping,upper,113,116,880,880
7,Ball gripping,upper,114,117,880,880
7,Ball gripping,upper,115,118,880,880
7,Ball gripping,upper,116,119,880,880
7,Ball gripping,upper,117,120,880,880
7,Ball gripping,upper,118,121,587,456
7,Ball gripping,upper,119,122,608,476
7,Ball gripping,upper,120,123,588,457
7,Ball gripping,upper,121,124,880,880
7,Ball gripping,upper,122,125,880,880
7,Ball gripping,upper,123,126,880,880
7,Ball gripping,upper,124,127,620,517
7,Ball gripping,upper,125,128,641,537
7,Ball gripping,upper,126,129,621,518
7,Ball gripping,upper,127,130,880,880
7,Ball gripping,upper,128,131,880,880
7,Ball gripping,upper,129,132,880,880
7,Ball gripping,upper,130,133,790,582
7,Ball gripping,upper,131,134,810,602
7,Ball gripping,upper,132,135,791,583
7,Ball gripping,upper,133,136,645,297
7,Ball gripping,upper,134,137,665,318
7,Ball gripping,upper,135,138,645,298
7,Ball gripping,upper,136,139,880,880
7,Ball gripping,upper,137,140,880,880
7,Ball gripping,upper,138,141,880,880
7,Ball gripping,upper,139,142,880,880
7,Ball gripping,upper,140,143,880,880
7,Ball gripping,upper,141,144,880,880
7,Ball gripping,upper,142,145,776,777
7,Ball gripping,upper,143,146,796,797
7,Ball gripping,upper,144,147,777,777
7,Ball gripping,upper,145,148,880,842
7,Ball gripping,upper,146,149,880,863
7,Ball gripping,upper,147,150,880,843
7,Ball gripping,upper,148,151,880,880
7,Ball gripping,upper,149,152,880,880
7,Ball gripping,upper,150,153,880,880
7,Ball gripping,upper,151,154,880,880
7,Ball gripping,upper,152,155,880,880
7,Ball gripping,upper,153,156,880,880
7,Ball gripping,upper,154,157,880,880
7,Ball gripping,upper,155,158,880,880
7,Ball gripping,upper,156,159,880,880
7,Ball gripping,upper,157,160,880,880
7,Ball gripping,upper,158,161,880,880
7,Ball gripping,upper,159,162,880,880
7,Ball gripping,upper,160,163,880,880
7,Ball gripping,upper,161,164,880,880
7,Ball gripping,upper,162,165,797,273
7,Ball gripping,upper,163,166,817,293
7,Ball gripping,upper,164,167,798,273
7,Ball gripping,upper,165,168,880,880
7,Ball gripping,upper,166,169,880,880
7,Ball gripping,upper,167,170,880,880
7,Ball gripping,upper,168,171,880,880
7,Ball gripping,upper,169,172,880,880
7,Ball gripping,upper,170,173,880,880
7,Ball gripping,upper,171,174,880,383
7,Ball gripping,upper,172,175,880,403
7,Ball gripping,upper,173,176,880,384
7,Ball gripping,upper,174,177,880,880
7,Ball gripping,upper,175,178,880,880
7,Ball gripping,upper,176,179,880,880
7,Ball gripping,upper,177,180,514,99
7,Ball gripping,upper,178,181,535,120
7,Ball gripping,upper,179,182,515,100
7,Ball gripping,upper,180,183,880,880
7,Ball gripping,upper,181,184,880,880
7,Ball gripping,upper,182,185,880,880
7,Ball gripping,upper,183,186,880,880
7,Ball gripping,upper,184,187,880,880
7,Ball gripping,upper,185,188,880,880
7,Ball gripping,upper,186,189,880,880
7,Ball gripping,upper,187,190,880,880
7,Ball gripping,upper,188,191,880,880
7,Ball gripping,upper,189,192,880,880
7,Ball gripping,upper,190,193,880,880
7,Ball gripping,upper,191,194,880,880
7,Ball gripping,upper,192,195,880,880
7,Ball gripping,upper,193,196,880,880
7,Ball gripping,upper,194,197,880,880
7,Ball gripping,upper,195,198,785,763
7,Ball gripping,upper,196,199,805,784
7,Ball gripping,upper,197,200,785,764
7,Ball gripping,upper,198,201,576,566
7,Ball gripping,upper,199,202,596,586
7,Ball gripping,upper,200,203,577,567
7,Ball gripping,upper,201,204,880,880
7,Ball gripping,upper,202,205,880,880
7,Ball gripping,upper,203,206,880,880
7,Ball gripping,upper,204,207,880,880
7,Ball gripping,upper,205,208,880,880
7,Ball gripping,upper,206,209,880,880
7,Ball gripping,upper,207,210,880,880
7,Ball gripping,upper,208,211,880,880
7,Ball gripping,upper,209,212,880,880
7,Ball gripping,upper,210,213,880,880
7,Ball gripping,upper,211,214,880,880
7,Ball gripping,upper,212,215,880,880
7,Ball gripping,upper,213,216,880,880
7,Ball gripping,upper,214,217,880,880
7,Ball gripping,upper,215,218,880,880
7,Ball gripping,upper,216,219,880,880
7,Ball gripping,upper,217,220,880,880
7,Ball gripping,upper,218,221,880,880
7,Ball gripping,upper,219,222,741,654
7,Ball gripping,upper,220,223,761,674
7,Ball gripping,upper,221,224,742,655
7,Ball gripping,upper,222,225,661,425
7,Ball gripping,upper,223,226,681,446
7,Ball gripping,upper,224,227,662,426
7,Ball gripping,upper,225,228,880,880
7,Ball gripping,upper,226,229,880,880
7,Ball gripping,upper,227,230,880,880
7,Ball gripping,upper,228,231,880,880
7,Ball gripping,upper,229,232,880,880
7,Ball gripping,upper,230,233,880,880
7,Ball gripping,upper,231,234,880,880
7,Ball gripping,upper,232,235,880,880
7,Ball gripping,upper,233,236,478,517
7,Ball gripping,upper,234,237,498,537
7,Ball gripping,upper,235,238,800,802
7,Ball gripping,upper,236,239,820,823
7,Ball gripping,upper,237,240,801,803
7,Ball gripping,upper,238,241,880,880
7,Ball gripping,upper,239,242,880,880
7,Ball gripping,upper,240,243,880,880
7,Ball gripping,upper,241,244,880,880
7,Ball gripping,upper,242,245,880,880
7,Ball gripping,upper,243,246,880,880
7,Ball gripping,upper,244,247,478,39
7,Ball gripping,upper,245,248,498,59
7,Ball gripping,upper,246,249,479,40
7,Ball gripping,upper,247,250,880,880
7,Ball gripping,upper,248,251,880,880
7,Ball gripping,upper,249,252,880,880
7,Ball gripping,upper,250,253,602,365
7,Ball gripping,upper,251,254,623,385
7,Ball gripping,upper,252,255,603,366
7,Ball gripping,upper,253,256,733,521
7,Ball gripping,upper,254,257,753,541
7,Ball gripping,upper,255,258,734,521
7,Ball gripping,upper,256,259,697,581
7,Ball gripping,upper,257,260,717,601
7,Ball gripping,upper,258,261,697,581
7,Ball gripping,upper,259,262,880,880
7,Ball gripping,upper,260,263,880,880
7,Ball gripping,upper,261,264,880,880
7,Ball gripping,upper,262,265,680,613
7,Ball gripping,upper,263,266,700,633
7,Ball gripping,upper,264,267,681,613
7,Ball gripping,upper,265,268,880,880
7,Ball gripping,upper,266,269,880,880
7,Ball gripping,upper,267,270,880,880
7,Ball gripping,upper,268,271,846,880
7,Ball gripping,upper,269,272,866,880
7,Ball gripping,upper,270,273,847,880
7,Ball gripping,upper,271,274,487,577
7,Ball gripping,upper,272,275,507,598
7,Ball gripping,upper,273,276,488,578
7,Ball gripping,upper,274,277,669,399
7,Ball gripping,upper,275,278,689,419
7,Ball gripping,upper,276,279,670,400
7,Ball gripping,upper,277,280,764,788
7,Ball gripping,upper,278,281,785,809
7,Ball gripping,upper,279,282,765,789
7,Ball gripping,upper,280,283,880,880
7,Ball gripping,upper,281,284,880,880
7,Ball gripping,upper,282,285,880,880
7,Ball gripping,upper,283,286,830,825
7,Ball gripping,upper,284,287,850,846
7,Ball gripping,upper,285,288,831,826
7,Ball gripping,upper,286,289,493,852
7,Ball gripping,upper,287,290,513,873
7,Ball gripping,upper,288,291,494,853
7,Ball gripping,upper,289,292,412,383
7,Ball gripping,upper,290,293,433,403
7,Ball gripping,upper,291,294,413,384
7,Ball gripping,upper,292,295,880,880
7,Ball gripping,upper,293,296,880,880
7,Ball gripping,upper,294,297,880,880
7,Ball gripping,upper,295,298,360,570
7,Ball gripping,upper,296,299,380,591
7,Ball gripping,upper,297,300,361,571
7,Ball gripping,upper,298,301,880,880
7,Ball gripping,upper,299,302,880,880
7,Ball gripping,upper,300,303,880,880
7,Ball gripping,upper,301,304,880,880
7,Ball gripping,upper,302,305,880,880
7,Ball gripping,upper,303,306,880,880
7,Ball gripping,upper,304,307,639,641
7,Ball gripping,upper,305,308,659,662
7,Ball gripping,upper,306,309,640,642
7,Ball gripping,upper,307,310,880,880
7,Ball gripping,upper,308,311,880,880
7,Ball gripping,upper,309,312,880,880
7,Ball gripping,upper,310,313,631,617
7,Ball gripping,upper,311,314,651,637
7,Ball gripping,upper,312,315,632,617
7,Ball gripping,upper,313,316,880,880
7,Ball gripping,upper,314,317,880,880
7,Ball gripping,upper,315,318,880,880
7,Ball gripping,upper,316,319,497,638
7,Ball gripping,upper,317,320,385,517
7,Ball gripping,upper,318,321,518,658
7,Ball gripping,upper,319,322,454,576
7,Ball gripping,upper,320,323,498,639
7,Ball gripping,upper,321,324,466,598
7,Ball gripping,upper,322,325,776,880
7,Ball gripping,upper,323,326,646,797
7,Ball gripping,upper,324,327,796,880
7,Ball gripping,upper,325,328,696,837
7,Ball gripping,upper,326,329,777,880
7,Ball gripping,upper,327,330,727,878
7,Ball gripping,upper,328,331,533,672
7,Ball gripping,upper,329,332,419,549
7,Ball gripping,upper,330,333,553,692
7,Ball gripping,upper,331,334,485,606
7,Ball gripping,upper,332,335,534,673
7,Ball gripping,upper,333,336,500,629
7,Ball gripping,upper,334,337,485,747
7,Ball gripping,upper,335,338,373,619
7,Ball gripping,upper,336,339,505,768
7,Ball gripping,upper,337,340,442,672
7,Ball gripping,upper,338,341,485,748
7,Ball gripping,upper,339,342,454,700
7,Ball gripping,upper,340,343,808,880
7,Ball gripping,upper,341,344,676,880
7,Ball gripping,upper,342,345,828,880
7,Ball gripping,upper,343,346,724,880
7,Ball gripping,upper,344,347,809,880
7,Ball gripping,upper,345,348,757,880
7,Ball gripping,upper,346,349,425,665
7,Ball gripping,upper,347,350,318,543
7,Ball gripping,upper,348,351,446,686
7,Ball gripping,upper,349,352,390,600
7,Ball gripping,upper,350,353,426,666
7,Ball gripping,upper,351,354,398,623
7,Ball gripping,upper,352,355,866,880
7,Ball gripping,upper,353,356,731,795
7,Ball gripping,upper,354,357,880,880
7,Ball gripping,upper,355,358,775,837
7,Ball gripping,upper,356,359,867,880
7,Ball gripping,upper,357,360,812,876
7,Ball gripping,upper,358,361,716,766
7,Ball gripping,upper,359,362,590,637
7,Ball gripping,upper,360,363,737,786
7,Ball gripping,upper,361,364,645,688
7,Ball gripping,upper,362,365,717,767
7,Ball gripping,upper,363,366,671,718
7,Ball gripping,upper,364,367,749,842
7,Ball gripping,upper,365,368,621,708
7,Ball gripping,upper,366,369,769,863
7,Ball gripping,upper,367,370,673,755
7,Ball gripping,upper,368,371,749,843
7,Ball gripping,upper,369,372,701,789
7,Ball gripping,upper,370,373,711,761
7,Ball gripping,upper,371,374,585,632
7,Ball gripping,upper,372,375,731,781
7,Ball gripping,upper,373,376,641,683
7,Ball gripping,upper,374,377,712,761
7,Ball gripping,upper,375,378,666,713
7,Ball gripping,upper,376,379,880,880
7,Ball gripping,upper,377,380,880,880
7,Ball gripping,upper,378,381,880,880
7,Ball gripping,upper,379,382,880,880
7,Ball gripping,upper,380,383,880,880
7,Ball gripping,upper,381,384,880,880
8,Shoulder joint internal and external rotation,upper,0,0,880,880
8,Shoulder joint internal and external rotation,upper,1,1,880,880
8,Shoulder joint internal and external rotation,upper,2,2,880,880
8,Shoulder joint internal and external rotation,upper,3,3,880,880
8,Shoulder joint internal and external rotation,upper,4,4,880,880
8,Shoulder joint internal and external rotation,upper,5,5,450,455
8,Shoulder joint internal and external rotation,upper,6,6,471,475
8,Shoulder joint internal and external rotation,upper,7,7,451,456
8,Shoulder joint internal and external rotation,upper,8,8,880,880
8,Shoulder joint internal and external rotation,upper,9,9,880,880
8,Shoulder joint internal and external rotation,upper,10,10,880,880
8,Shoulder joint internal and external rotation,upper,11,11,880,880
8,Shoulder joint internal and external rotation,upper,12,12,880,880
8,Shoulder joint internal and external rotation,upper,13,13,880,880
8,Shoulder joint internal and external rotation,upper,14,14,880,880
8,Shoulder joint internal and external rotation,upper,15,15,880,880
8,Shoulder joint internal and external rotation,upper,16,16,880,880
8,Shoulder joint internal and external rotation,upper,17,17,880,880
8,Shoulder joint internal and external rotation,upper,18,18,880,880
8,Shoulder joint internal and external rotation,upper,19,19,880,880
8,Shoulder joint internal and external rotation,upper,20,20,880,880
8,Shoulder joint internal and external rotation,upper,21,21,674,682
8,Shoulder joint internal and external rotation,upper,22,22,695,703
8,Shoulder joint internal and external rotation,upper,23,23,675,683
8,Shoulder joint internal and external rotation,upper,24,24,517,495
8,Shoulder joint internal and external rotation,upper,25,25,880,880
8,Shoulder joint internal and external rotation,upper,26,26,880,880
8,Shoulder joint internal and external rotation,upper,27,27,880,880
8,Shoulder joint internal and external rotation,upper,28,28,576,573
8,Shoulder joint internal and external rotation,upper,29,29,596,593
8,Shoulder joint internal and external rotation,upper,30,30,577,574
8,Shoulder joint internal and external rotation,upper,31,31,880,880
8,Shoulder joint internal and external rotation,upper,32,32,880,880
8,Shoulder joint internal and external rotation,upper,33,33,880,880
8,Shoulder joint internal and external rotation,upper,34,34,697,725
8,Shoulder joint internal and external rotation,upper,35,35,677,705
8,Shoulder joint internal and external rotation,upper,36,36,880,880
8,Shoulder joint internal and external rotation,upper,37,37,880,880
8,Shoulder joint internal and external rotation,upper,38,38,880,880
8,Shoulder joint internal and external rotation,upper,39,39,623,43
8,Shoulder joint internal and external rotation,upper,40,40,643,64
8,Shoulder joint internal and external rotation,upper,41,41,624,44
8,Shoulder joint internal and external rotation,upper,42,42,880,880
8,Shoulder joint internal and external rotation,upper,43,43,880,880
8,Shoulder joint internal and external rotation,upper,44,44,880,880
8,Shoulder joint internal and external rotation,upper,45,45,880,880
8,Shoulder joint internal and external rotation,upper,46,46,880,880
8,Shoulder joint internal and external rotation,upper,47,47,880,880
8,Shoulder joint internal and external rotation,upper,48,48,880,880
8,Shoulder joint internal and external rotation,upper,49,49,880,880
8,Shoulder joint internal and external rotation,upper,50,50,880,880
8,Shoulder joint internal and external rotation,upper,51,51,880,880
8,Shoulder joint internal and external rotation,upper,52,52,880,880
8,Shoulder joint internal and external rotation,upper,53,53,880,880
8,Shoulder joint internal and external rotation,upper,54,54,880,880
8,Shoulder joint internal and external rotation,upper,55,55,880,880
8,Shoulder joint internal and external rotation,upper,56,56,880,880
8,Shoulder joint internal and external rotation,upper,57,57,880,880
8,Shoulder joint internal and external rotation,upper,58,58,880,880
8,Shoulder joint internal and external rotation,upper,59,59,880,880
8,Shoulder joint internal and external rotation,upper,60,60,880,880
8,Shoulder joint internal and external rotation,upper,61,61,880,880
8,Shoulder joint internal and external rotation,upper,62,62,880,880
8,Shoulder joint internal and external rotation,upper,63,63,880,880
8,Shoulder joint internal and external rotation,upper,64,64,880,880
8,Shoulder joint internal and external rotation,upper,65,65,880,880
8,Shoulder joint internal and external rotation,upper,66,66,598,490
8,Shoulder joint internal and external rotation,upper,67,67,618,511
8,Shoulder joint internal and external rotation,upper,68,68,599,491
8,Shoulder joint internal and external rotation,upper,69,69,880,880
8,Shoulder joint internal and external rotation,upper,70,70,880,880
8,Shoulder joint internal and external rotation,upper,71,71,880,880
8,Shoulder joint internal and external rotation,upper,72,72,880,880
8,Shoulder joint internal and external rotation,upper,73,73,880,880
8,Shoulder joint internal and external rotation,upper,74,74,880,880
8,Shoulder joint internal and external rotation,upper,75,75,880,880
8,Shoulder joint internal and external rotation,upper,76,76,880,880
8,Shoulder joint internal and external rotation,upper,77,77,880,880
8,Shoulder joint internal and external rotation,upper,78,78,880,880
8,Shoulder joint internal and external rotation,upper,79,79,880,880
8,Shoulder joint internal and external rotation,upper,80,80,880,880
8,Shoulder joint internal and external rotation,upper,81,81,880,880
8,Shoulder joint internal and external rotation,upper,82,82,880,880
8,Shoulder joint internal and external rotation,upper,83,83,787,430
8,Shoulder joint internal and external rotation,upper,84,84,808,450
8,Shoulder joint internal and external rotation,upper,85,85,788,431
8,Shoulder joint internal and external rotation,upper,86,86,880,880
8,Shoulder joint internal and external rotation,upper,87,87,880,880
8,Shoulder joint internal and external rotation,upper,88,88,789,880
8,Shoulder joint internal and external rotation,upper,89,89,809,880
8,Shoulder joint internal and external rotation,upper,90,90,789,880
8,Shoulder joint internal and external rotation,upper,91,91,880,880
8,Shoulder joint internal and external rotation,upper,92,92,880,880
8,Shoulder joint internal and external rotation,upper,93,93,880,880
8,Shoulder joint internal and external rotation,upper,94,94,880,880
8,Shoulder joint internal and external rotation,upper,95,95,880,880
8,Shoulder joint internal and external rotation,upper,96,96,880,880
8,Shoulder joint internal and external rotation,upper,97,97,880,880
8,Shoulder joint internal and external rotation,upper,98,98,880,880
8,Shoulder joint internal and external rotation,upper,99,99,880,880
8,Shoulder joint internal and external rotation,upper,100,100,880,880
8,Shoulder joint internal and external rotation,upper,101,101,880,880
8,Shoulder joint internal and external rotation,upper,102,102,880,880
8,Shoulder joint internal and external rotation,upper,103,103,880,880
8,Shoulder joint internal and external rotation,upper,104,104,880,880
8,Shoulder joint internal and external rotation,upper,105,105,880,880
8,Shoulder joint internal and external rotation,upper,106,106,880,880
8,Shoulder joint internal and external rotation,upper,107,107,880,880
8,Shoulder joint internal and external rotation,upper,108,108,880,880
8,Shoulder joint internal and external rotation,upper,109,109,880,880
8,Shoulder joint internal and external rotation,upper,110,110,880,880
8,Shoulder joint internal and external rotation,upper,111,111,880,880
8,Shoulder joint internal and external rotation,upper,112,112,880,880
8,Shoulder joint internal and external rotation,upper,113,113,880,880
8,Shoulder joint internal and external rotation,upper,114,114,880,880
8,Shoulder joint internal and external rotation,upper,115,115,880,880
8,Shoulder joint internal and external rotation,upper,116,116,880,880
8,Shoulder joint internal and external rotation,upper,117,117,880,880
8,Shoulder joint internal and external rotation,upper,118,118,815,879
8,Shoulder joint internal and external rotation,upper,119,119,835,880
8,Shoulder joint internal and external rotation,upper,120,120,816,880
8,Shoulder joint internal and external rotation,upper,121,121,880,880
8,Shoulder joint internal and external rotation,upper,122,122,880,880
8,Shoulder joint internal and external rotation,upper,123,123,880,880
8,Shoulder joint internal and external rotation,upper,124,124,880,880
8,Shoulder joint internal and external rotation,upper,125,125,880,880
8,Shoulder joint internal and external rotation,upper,126,126,880,880
8,Shoulder joint internal and external rotation,upper,127,127,880,880
8,Shoulder joint internal and external rotation,upper,128,128,880,880
8,Shoulder joint internal and external rotation,upper,129,129,880,880
8,Shoulder joint internal and external rotation,upper,130,130,684,240
8,Shoulder joint internal and external rotation,upper,131,131,705,260
8,Shoulder joint internal and external rotation,upper,132,132,685,241
8,Shoulder joint internal and external rotation,upper,133,133,489,382
8,Shoulder joint internal and external rotation,upper,134,134,510,402
8,Shoulder joint internal and external rotation,upper,135,135,490,383
8,Shoulder joint internal and external rotation,upper,136,136,880,826
8,Shoulder joint internal and external rotation,upper,137,137,880,847
8,Shoulder joint internal and external rotation,upper,138,138,880,827
8,Shoulder joint internal and external rotation,upper,139,139,880,880
8,Shoulder joint internal and external rotation,upper,140,140,880,880
8,Shoulder joint internal and external rotation,upper,141,141,880,880
8,Shoulder joint internal and external rotation,upper,142,142,642,579
8,Shoulder joint internal and external rotation,upper,143,143,663,600
8,Shoulder joint internal and external rotation,upper,144,144,643,580
8,Shoulder joint internal and external rotation,upper,145,145,721,694
8,Shoulder joint internal and external rotation,upper,146,146,741,714
8,Shoulder joint internal and external rotation,upper,147,147,721,695
8,Shoulder joint internal and external rotation,upper,148,148,880,880
8,Shoulder joint internal and external rotation,upper,149,149,880,880
8,Shoulder joint internal and external rotation,upper,150,150,880,880
8,Shoulder joint internal and external rotation,upper,151,151,880,871
8,Shoulder joint internal and external rotation,upper,152,152,869,851
8,Shoulder joint internal and external rotation,upper,153,153,880,880
8,Shoulder joint internal and external rotation,upper,154,154,880,880
8,Shoulder joint internal and external rotation,upper,155,155,880,880
8,Shoulder joint internal and external rotation,upper,156,156,880,880
8,Shoulder joint internal and external rotation,upper,157,157,880,880
8,Shoulder joint internal and external rotation,upper,158,158,880,880
8,Shoulder joint internal and external rotation,upper,159,159,880,880
8,Shoulder joint internal and external rotation,upper,160,160,880,880
8,Shoulder joint internal and external rotation,upper,161,161,860,880
8,Shoulder joint internal and external rotation,upper,162,162,880,880
8,Shoulder joint internal and external rotation,upper,163,163,861,880
8,Shoulder joint internal and external rotation,upper,164,164,880,158
8,Shoulder joint internal and external rotation,upper,165,165,880,138
8,Shoulder joint internal and external rotation,upper,166,166,391,880
8,Shoulder joint internal and external rotation,upper,167,167,411,880
8,Shoulder joint internal and external rotation,upper,168,168,392,880
8,Shoulder joint internal and external rotation,upper,169,169,823,880
8,Shoulder joint internal and external rotation,upper,170,170,843,880
8,Shoulder joint internal and external rotation,upper,171,171,824,880
8,Shoulder joint internal and external rotation,upper,172,172,880,880
8,Shoulder joint internal and external rotation,upper,173,173,880,880
8,Shoulder joint internal and external rotation,upper,174,174,880,880
8,Shoulder joint internal and external rotation,upper,175,175,880,880
8,Shoulder joint internal and external rotation,upper,176,176,880,880
8,Shoulder joint internal and external rotation,upper,177,177,880,880
8,Shoulder joint internal and external rotation,upper,178,178,880,880
8,Shoulder joint internal and external rotation,upper,179,179,880,880
8,Shoulder joint internal and external rotation,upper,180,180,880,763
8,Shoulder joint internal and external rotation,upper,181,181,880,784
8,Shoulder joint internal and external rotation,upper,182,182,880,764
8,Shoulder joint internal and external rotation,upper,183,183,880,880
8,Shoulder joint internal and external rotation,upper,184,184,880,880
8,Shoulder joint internal and external rotation,upper,185,185,880,880
8,Shoulder joint internal and external rotation,upper,186,186,880,880
8,Shoulder joint internal and external rotation,upper,187,187,880,880
8,Shoulder joint internal and external rotation,upper,188,188,880,880
8,Shoulder joint internal and external rotation,upper,189,189,880,880
8,Shoulder joint internal and external rotation,upper,190,190,880,880
8,Shoulder joint internal and external rotation,upper,191,191,880,880
8,Shoulder joint internal and external rotation,upper,192,192,880,880
8,Shoulder joint internal and external rotation,upper,193,193,880,880
8,Shoulder joint internal and external rotation,upper,194,194,880,880
8,Shoulder joint internal and external rotation,upper,195,195,880,880
8,Shoulder joint internal and external rotation,upper,196,196,880,880
8,Shoulder joint internal and external rotation,upper,197,197,813,880
8,Shoulder joint internal and external rotation,upper,198,198,833,880
8,Shoulder joint internal and external rotation,upper,199,199,813,880
8,Shoulder joint internal and external rotation,upper,200,200,702,873
8,Shoulder joint internal and external rotation,upper,201,201,722,880
8,Shoulder joint internal and external rotation,upper,202,202,703,873
8,Shoulder joint internal and external rotation,upper,203,203,814,880
8,Shoulder joint internal and external rotation,upper,204,204,834,880
8,Shoulder joint internal and external rotation,upper,205,205,815,880
8,Shoulder joint internal and external rotation,upper,206,206,568,777
8,Shoulder joint internal and external rotation,upper,207,207,588,797
8,Shoulder joint internal and external rotation,upper,208,208,569,777
8,Shoulder joint internal and external rotation,upper,209,209,876,880
8,Shoulder joint internal and external rotation,upper,210,210,880,880
8,Shoulder joint internal and external rotation,upper,211,211,877,880
8,Shoulder joint internal and external rotation,upper,212,212,880,880
8,Shoulder joint internal and external rotation,upper,213,213,880,880
8,Shoulder joint internal and external rotation,upper,214,214,880,880
8,Shoulder joint internal and external rotation,upper,215,215,880,880
8,Shoulder joint internal and external rotation,upper,216,216,880,880
8,Shoulder joint internal and external rotation,upper,217,217,880,880
8,Shoulder joint internal and external rotation,upper,218,218,795,880
8,Shoulder joint internal and external rotation,upper,219,219,816,880
8,Shoulder joint internal and external rotation,upper,220,220,796,880
8,Shoulder joint internal and external rotation,upper,221,221,575,585
8,Shoulder joint internal and external rotation,upper,222,222,458,467
8,Shoulder joint internal and external rotation,upper,223,223,595,605
8,Shoulder joint internal and external rotation,upper,224,224,521,529
8,Shoulder joint internal and external rotation,upper,225,225,576,585
8,Shoulder joint internal and external rotation,upper,226,226,539,548
8,Shoulder joint internal and external rotation,upper,227,227,700,765
8,Shoulder joint internal and external rotation,upper,228,228,575,636
8,Shoulder joint internal and external rotation,upper,229,229,721,785
8,Shoulder joint internal and external rotation,upper,230,230,631,687
8,Shoulder joint internal and external rotation,upper,231,231,701,766
8,Shoulder joint internal and external rotation,upper,232,232,656,717
8,Shoulder joint internal and external rotation,upper,233,233,831,880
8,Shoulder joint internal and external rotation,upper,234,234,698,824
8,Shoulder joint internal and external rotation,upper,235,235,851,880
8,Shoulder joint internal and external rotation,upper,236,236,745,863
8,Shoulder joint internal and external rotation,upper,237,237,832,880
8,Shoulder joint internal and external rotation,upper,238,238,779,880
8,Shoulder joint internal and external rotation,upper,239,239,471,510
8,Shoulder joint internal and external rotation,upper,240,240,360,397
8,Shoulder joint internal and external rotation,upper,241,241,491,530
8,Shoulder joint internal and external rotation,upper,242,242,431,464
8,Shoulder joint internal and external rotation,upper,243,243,472,511
8,Shoulder joint internal and external rotation,upper,244,244,441,478
8,Shoulder joint internal and external rotation,upper,245,245,419,523
8,Shoulder joint internal and external rotation,upper,246,246,312,409
8,Shoulder joint internal and external rotation,upper,247,247,440,544
8,Shoulder joint internal and external rotation,upper,248,248,384,476
8,Shoulder joint internal and external rotation,upper,249,249,420,524
8,Shoulder joint internal and external rotation,upper,250,250,392,490
8,Shoulder joint internal and external rotation,upper,251,251,676,780
8,Shoulder joint internal and external rotation,upper,252,252,552,650
8,Shoulder joint internal and external rotation,upper,253,253,697,801
8,Shoulder joint internal and external rotation,upper,254,254,609,701
8,Shoulder joint internal and external rotation,upper,255,255,677,781
8,Shoulder joint internal and external rotation,upper,256,256,633,731
8,Shoulder joint internal and external rotation,upper,257,257,498,682
8,Shoulder joint internal and external rotation,upper,258,258,386,558
8,Shoulder joint internal and external rotation,upper,259,259,519,703
8,Shoulder joint internal and external rotation,upper,260,260,453,615
8,Shoulder joint internal and external rotation,upper,261,261,499,683
8,Shoulder joint internal and external rotation,upper,262,262,467,639
8,Shoulder joint internal and external rotation,upper,263,263,739,880
8,Shoulder joint internal and external rotation,upper,264,264,612,773
8,Shoulder joint internal and external rotation,upper,265,265,760,880
8,Shoulder joint internal and external rotation,upper,266,266,664,815
8,Shoulder joint internal and external rotation,upper,267,267,740,880
8,Shoulder joint internal and external rotation,upper,268,268,692,854
8,Shoulder joint internal and external rotation,upper,269,269,880,880
8,Shoulder joint internal and external rotation,upper,270,270,825,872
8,Shoulder joint internal and external rotation,upper,271,271,880,880
8,Shoulder joint internal and external rotation,upper,272,272,864,880
8,Shoulder joint internal and external rotation,upper,273,273,880,880
8,Shoulder joint internal and external rotation,upper,274,274,880,880
8,Shoulder joint internal and external rotation,upper,275,275,880,880
8,Shoulder joint internal and external rotation,upper,276,276,751,830
8,Shoulder joint internal and external rotation,upper,277,277,880,880
8,Shoulder joint internal and external rotation,upper,278,278,794,869
8,Shoulder joint internal and external rotation,upper,279,279,880,880
8,Shoulder joint internal and external rotation,upper,280,280,832,880
8,Shoulder joint internal and external rotation,upper,281,281,842,869
8,Shoulder joint internal and external rotation,upper,282,282,708,733
8,Shoulder joint internal and external rotation,upper,283,283,863,880
8,Shoulder joint internal and external rotation,upper,284,284,755,778
8,Shoulder joint internal and external rotation,upper,285,285,843,869
8,Shoulder joint internal and external rotation,upper,286,286,789,814
8,Shoulder joint internal and external rotation,upper,287,287,872,880
8,Shoulder joint internal and external rotation,upper,288,288,736,825
8,Shoulder joint internal and external rotation,upper,289,289,880,880
8,Shoulder joint internal and external rotation,upper,290,290,780,864
8,Shoulder joint internal and external rotation,upper,291,291,873,880
8,Shoulder joint internal and external rotation,upper,292,292,817,880
8,Shoulder joint internal and external rotation,upper,293,293,880,880
8,Shoulder joint internal and external rotation,upper,294,294,764,880
8,Shoulder joint internal and external rotation,upper,295,295,880,880
8,Shoulder joint internal and external rotation,upper,296,296,807,880
8,Shoulder joint internal and external rotation,upper,297,297,880,880
8,Shoulder joint internal and external rotation,upper,298,298,845,880
9,Breast expansion,upper,0,0,840,841
9,Breast expansion,upper,1,1,820,821
9,Breast expansion,upper,2,2,593,616
9,Breast expansion,upper,3,3,614,636
9,Breast expansion,upper,4,4,594,617
9,Breast expansion,upper,5,5,509,521
9,Breast expansion,upper,6,6,529,542
9,Breast expansion,upper,7,7,510,522
9,Breast expansion,upper,8,8,880,880
9,Breast expansion,upper,9,9,880,880
9,Breast expansion,upper,10,10,880,880
9,Breast expansion,upper,11,11,880,880
9,Breast expansion,upper,12,12,880,880
9,Breast expansion,upper,13,13,880,880
9,Breast expansion,upper,14,14,880,880
9,Breast expansion,upper,15,15,880,880
9,Breast expansion,upper,16,16,880,880
9,Breast expansion,upper,17,17,880,880
9,Breast expansion,upper,18,18,880,880
9,Breast expansion,upper,19,19,880,880
9,Breast expansion,upper,20,20,880,880
9,Breast expansion,upper,21,21,880,880
9,Breast expansion,upper,22,22,880,880
9,Breast expansion,upper,23,23,880,880
9,Breast expansion,upper,24,24,880,880
9,Breast expansion,upper,25,25,880,880
9,Breast expansion,upper,26,26,421,420
9,Breast expansion,upper,27,27,441,441
9,Breast expansion,upper,28,28,422,421
9,Breast expansion,upper,29,29,854,873
9,Breast expansion,upper,30,30,874,880
9,Breast expansion,upper,31,31,855,874
9,Breast expansion,upper,32,32,365,360
9,Breast expansion,upper,33,33,385,380
9,Breast expansion,upper,34,34,366,361
9,Breast expansion,upper,35,35,880,880
9,Breast expansion,upper,36,36,880,880
9,Breast expansion,upper,37,37,880,880
9,Breast expansion,upper,38,38,568,647
9,Breast expansion,upper,39,39,588,667
9,Breast expansion,upper,40,40,569,648
9,Breast expansion,upper,41,41,880,880
9,Breast expansion,upper,42,42,880,880
9,Breast expansion,upper,43,43,880,880
9,Breast expansion,upper,44,44,880,880
9,Breast expansion,upper,45,45,880,880
9,Breast expansion,upper,46,46,880,880
9,Breast expansion,upper,47,47,880,880
9,Breast expansion,upper,48,48,880,880
9,Breast expansion,upper,49,49,880,880
9,Breast expansion,upper,50,50,708,716
9,Breast expansion,upper,51,51,729,737
9,Breast expansion,upper,52,52,709,717
9,Breast expansion,upper,53,53,880,880
9,Breast expansion,upper,54,54,880,880
9,Breast expansion,upper,55,55,880,880
9,Breast expansion,upper,56,56,578,622
9,Breast expansion,upper,57,57,599,642
9,Breast expansion,upper,58,58,579,623
9,Breast expansion,upper,59,59,880,880
9,Breast expansion,upper,60,60,880,880
9,Breast expansion,upper,61,61,880,880
9,Breast expansion,upper,62,62,880,880
9,Breast expansion,upper,63,63,880,880
9,Breast expansion,upper,64,64,880,880
9,Breast expansion,upper,65,65,880,880
9,Breast expansion,upper,66,66,880,880
9,Breast expansion,upper,67,67,880,880
9,Breast expansion,upper,68,68,880,880
9,Breast expansion,upper,69,69,880,880
9,Breast expansion,upper,70,70,880,880
9,Breast expansion,upper,71,71,880,880
9,Breast expansion,upper,72,72,880,880
9,Breast expansion,upper,73,73,880,880
9,Breast expansion,upper,74,74,880,880
9,Breast expansion,upper,75,75,880,880
9,Breast expansion,upper,76,76,880,880
9,Breast expansion,upper,77,77,880,600
9,Breast expansion,upper,78,78,880,620
9,Breast expansion,upper,79,79,880,601
9,Breast expansion,upper,80,80,880,880
9,Breast expansion,upper,81,81,880,880
9,Breast expansion,upper,82,82,880,880
9,Breast expansion,upper,83,83,602,580
9,Breast expansion,upper,84,84,623,601
9,Breast expansion,upper,85,85,603,581
9,Breast expansion,upper,86,86,880,880
9,Breast expansion,upper,87,87,880,880
9,Breast expansion,upper,88,88,880,880
9,Breast expansion,upper,89,89,880,880
9,Breast expansion,upper,90,90,880,880
9,Breast expansion,upper,91,91,880,880
9,Breast expansion,upper,92,92,880,880
9,Breast expansion,upper,93,93,880,880
9,Breast expansion,upper,94,94,880,880
9,Breast expansion,upper,95,95,345,361
9,Breast expansion,upper,96,96,366,382
9,Breast expansion,upper,97,97,346,362
9,Breast expansion,upper,98,98,880,880
9,Breast expansion,upper,99,99,880,880
9,Breast expansion,upper,100,100,880,880
9,Breast expansion,upper,101,101,880,880
9,Breast expansion,upper,102,102,880,880
9,Breast expansion,upper,103,103,880,880
9,Breast expansion,upper,104,104,498,518
9,Breast expansion,upper,105,105,519,538
9,Breast expansion,upper,106,106,499,519
9,Breast expansion,upper,107,107,817,880
9,Breast expansion,upper,108,108,838,880
9,Breast expansion,upper,109,109,818,880
9,Breast expansion,upper,110,110,880,880
9,Breast expansion,upper,111,111,880,880
9,Breast expansion,upper,112,112,880,880
9,Breast expansion,upper,113,113,880,880
9,Breast expansion,upper,114,114,880,880
9,Breast expansion,upper,115,115,880,880
9,Breast expansion,upper,116,116,880,880
9,Breast expansion,upper,117,117,880,880
9,Breast expansion,upper,118,118,880,880
9,Breast expansion,upper,119,119,880,880
9,Breast expansion,upper,120,120,880,880
9,Breast expansion,upper,121,121,880,880
9,Breast expansion,upper,122,122,880,880
9,Breast expansion,upper,123,123,880,880
9,Breast expansion,upper,124,124,880,880
9,Breast expansion,upper,125,125,697,725
9,Breast expansion,upper,126,126,717,745
9,Breast expansion,upper,127,127,697,726
9,Breast expansion,upper,128,128,880,880
9,Breast expansion,upper,129,129,880,880
9,Breast expansion,upper,130,130,880,880
9,Breast expansion,upper,131,131,677,737
9,Breast expansion,upper,132,132,697,758
9,Breast expansion,upper,133,133,677,738
9,Breast expansion,upper,134,134,880,880
9,Breast expansion,upper,135,135,880,880
9,Breast expansion,upper,136,136,880,880
9,Breast expansion,upper,137,137,880,880
9,Breast expansion,upper,138,138,880,880
9,Breast expansion,upper,139,139,880,880
9,Breast expansion,upper,140,140,880,724
9,Breast expansion,upper,141,141,880,745
9,Breast expansion,upper,142,142,880,725
9,Breast expansion,upper,143,143,880,880
9,Breast expansion,upper,144,144,880,880
9,Breast expansion,upper,145,145,880,880
9,Breast expansion,upper,146,146,861,840
9,Breast expansion,upper,147,147,880,860
9,Breast expansion,upper,148,148,861,841
9,Breast expansion,upper,149,149,880,880
9,Breast expansion,upper,150,150,880,880
9,Breast expansion,upper,151,151,880,880
9,Breast expansion,upper,152,152,880,880
9,Breast expansion,upper,153,153,880,880
9,Breast expansion,upper,154,154,880,880
9,Breast expansion,upper,155,155,880,880
9,Breast expansion,upper,156,156,761,813
9,Breast expansion,upper,157,157,781,833
9,Breast expansion,upper,158,158,761,813
9,Breast expansion,upper,159,159,880,880
9,Breast expansion,upper,160,160,880,880
9,Breast expansion,upper,161,161,880,880
9,Breast expansion,upper,162,162,623,649
9,Breast expansion,upper,163,163,643,670
9,Breast expansion,upper,164,164,624,650
9,Breast expansion,upper,165,165,880,880
9,Breast expansion,upper,166,166,880,880
9,Breast expansion,upper,167,167,880,880
9,Breast expansion,upper,168,168,317,393
9,Breast expansion,upper,169,169,880,880
9,Breast expansion,upper,170,170,880,880
9,Breast expansion,upper,171,171,880,880
9,Breast expansion,upper,172,172,880,880
9,Breast expansion,upper,173,173,880,880
9,Breast expansion,upper,174,174,880,880
9,Breast expansion,upper,175,175,880,880
9,Breast expansion,upper,176,176,880,880
9,Breast expansion,upper,177,177,880,880
9,Breast expansion,upper,178,178,684,705
9,Breast expansion,upper,179,179,705,726
9,Breast expansion,upper,180,180,685,706
9,Breast expansion,upper,181,181,782,780
9,Breast expansion,upper,182,182,762,761
9,Breast expansion,upper,183,183,880,880
9,Breast expansion,upper,184,184,880,880
9,Breast expansion,upper,185,185,880,880
9,Breast expansion,upper,186,186,880,812
9,Breast expansion,upper,187,187,880,833
9,Breast expansion,upper,188,188,880,813
9,Breast expansion,upper,189,189,392,577
9,Breast expansion,upper,190,190,412,597
9,Breast expansion,upper,191,191,393,577
9,Breast expansion,upper,192,192,880,880
9,Breast expansion,upper,193,193,880,880
9,Breast expansion,upper,194,194,880,880
9,Breast expansion,upper,195,195,880,879
9,Breast expansion,upper,196,196,880,859
9,Breast expansion,upper,197,197,823,880
9,Breast expansion,upper,198,198,843,880
9,Breast expansion,upper,199,199,824,880
9,Breast expansion,upper,200,200,880,880
9,Breast expansion,upper,201,201,880,880
9,Breast expansion,upper,202,202,880,880
9,Breast expansion,upper,203,203,880,880
9,Breast expansion,upper,204,204,880,880
9,Breast expansion,upper,205,205,880,880
9,Breast expansion,upper,206,206,805,610
9,Breast expansion,upper,207,207,825,631
9,Breast expansion,upper,208,208,806,611
9,Breast expansion,upper,209,209,880,880
9,Breast expansion,upper,210,210,880,880
9,Breast expansion,upper,211,211,880,880
9,Breast expansion,upper,212,212,880,880
9,Breast expansion,upper,213,213,880,880
9,Breast expansion,upper,214,214,880,880
9,Breast expansion,upper,215,215,880,880
9,Breast expansion,upper,216,216,880,880
9,Breast expansion,upper,217,217,880,880
9,Breast expansion,upper,218,218,880,880
9,Breast expansion,upper,219,219,880,880
9,Breast expansion,upper,220,220,880,880
9,Breast expansion,upper,221,221,880,880
9,Breast expansion,upper,222,222,880,880
9,Breast expansion,upper,223,223,880,880
9,Breast expansion,upper,224,224,749,813
9,Breast expansion,upper,225,225,769,833
9,Breast expansion,upper,226,226,750,813
9,Breast expansion,upper,227,227,773,880
9,Breast expansion,upper,228,228,793,880
9,Breast expansion,upper,229,229,774,880
9,Breast expansion,upper,230,230,559,782
9,Breast expansion,upper,231,231,579,802
9,Breast expansion,upper,232,232,880,880
9,Breast expansion,upper,233,233,880,880
9,Breast expansion,upper,234,234,880,880
9,Breast expansion,upper,235,235,840,880
9,Breast expansion,upper,236,236,706,749
9,Breast expansion,upper,237,237,860,880
9,Breast expansion,upper,238,238,752,793
9,Breast expansion,upper,239,239,841,880
9,Breast expansion,upper,240,240,787,830
9,Breast expansion,upper,241,241,880,880
9,Breast expansion,upper,242,242,809,880
9,Breast expansion,upper,243,243,880,880
9,Breast expansion,upper,244,244,849,880
9,Breast expansion,upper,245,245,880,880
9,Breast expansion,upper,246,246,880,880
9,Breast expansion,upper,247,247,765,757
9,Breast expansion,upper,248,248,636,628
9,Breast expansion,upper,249,249,785,777
9,Breast expansion,upper,250,250,687,680
9,Breast expansion,upper,251,251,766,757
9,Breast expansion,upper,252,252,717,709
9,Breast expansion,upper,253,253,786,880
9,Breast expansion,upper,254,254,656,777
9,Breast expansion,upper,255,255,807,880
9,Breast expansion,upper,256,256,705,819
9,Breast expansion,upper,257,257,787,880
9,Breast expansion,upper,258,258,737,858
9,Breast expansion,upper,259,259,634,783
9,Breast expansion,upper,260,260,513,653
9,Breast expansion,upper,261,261,655,803
9,Breast expansion,upper,262,262,573,703
9,Breast expansion,upper,263,263,635,784
9,Breast expansion,upper,264,264,594,734
9,Breast expansion,upper,265,265,805,801
9,Breast expansion,upper,266,266,674,670
9,Breast expansion,upper,267,267,825,822
9,Breast expansion,upper,268,268,723,720
9,Breast expansion,upper,269,269,806,802
9,Breast expansion,upper,270,270,755,751
9,Breast expansion,upper,271,271,880,880
9,Breast expansion,upper,272,272,785,759
9,Breast expansion,upper,273,273,880,880
9,Breast expansion,upper,274,274,827,803
9,Breast expansion,upper,275,275,880,880
9,Breast expansion,upper,276,276,866,840
9,Breast expansion,upper,277,277,880,880
9,Breast expansion,upper,278,278,809,880
9,Breast expansion,upper,279,279,880,880
9,Breast expansion,upper,280,280,849,880
9,Breast expansion,upper,281,281,880,880
9,Breast expansion,upper,282,282,880,880
9,Breast expansion,upper,283,283,728,759
9,Breast expansion,upper,284,284,601,630
9,Breast expansion,upper,285,285,748,779
9,Breast expansion,upper,286,286,654,683
9,Breast expansion,upper,287,287,729,760
9,Breast expansion,upper,288,288,682,711
9,Breast expansion,upper,289,289,880,880
9,Breast expansion,upper,290,290,844,877
9,Breast expansion,upper,291,291,880,880
9,Breast expansion,upper,292,292,880,880
9,Breast expansion,upper,293,293,880,880
9,Breast expansion,upper,294,294,880,880
9,Breast expansion,upper,295,295,880,880
9,Breast expansion,upper,296,296,747,756
9,Breast expansion,upper,297,297,880,880
9,Breast expansion,upper,298,298,790,799
9,Breast expansion,upper,299,299,880,880
9,Breast expansion,upper,300,300,827,837
9,Breast expansion,upper,301,301,846,873
9,Breast expansion,upper,302,302,712,737
9,Breast expansion,upper,303,303,866,880
9,Breast expansion,upper,304,304,758,781
9,Breast expansion,upper,305,305,847,873
9,Breast expansion,upper,306,306,793,818
10,Flexion-pressure rotation forward and backward,upper,0,0,880,880
10,Flexion-pressure rotation forward and backward,upper,1,1,880,880
10,Flexion-pressure rotation forward and backward,upper,2,2,880,880
10,Flexion-pressure rotation forward and backward,upper,3,3,880,880
10,Flexion-pressure rotation forward and backward,upper,4,4,880,880
10,Flexion-pressure rotation forward and backward,upper,5,5,825,880
10,Flexion-pressure rotation forward and backward,upper,6,6,845,880
10,Flexion-pressure rotation forward and backward,upper,7,7,825,880
10,Flexion-pressure rotation forward and backward,upper,8,8,880,880
10,Flexion-pressure rotation forward and backward,upper,9,9,880,880
10,Flexion-pressure rotation forward and backward,upper,10,10,880,880
10,Flexion-pressure rotation forward and backward,upper,11,11,880,880
10,Flexion-pressure rotation forward and backward,upper,12,12,880,880
10,Flexion-pressure rotation forward and backward,upper,13,13,880,880
10,Flexion-pressure rotation forward and backward,upper,14,14,880,880
10,Flexion-pressure rotation forward and backward,upper,15,15,880,880
10,Flexion-pressure rotation forward and backward,upper,16,16,880,880
10,Flexion-pressure rotation forward and backward,upper,17,17,880,880
10,Flexion-pressure rotation forward and backward,upper,18,18,880,880
10,Flexion-pressure rotation forward and backward,upper,19,19,880,880
10,Flexion-pressure rotation forward and backward,upper,20,20,880,880
10,Flexion-pressure rotation forward and backward,upper,21,21,880,880
10,Flexion-pressure rotation forward and backward,upper,22,22,880,880
10,Flexion-pressure rotation forward and backward,upper,23,23,880,880
10,Flexion-pressure rotation forward and backward,upper,24,24,880,880
10,Flexion-pressure rotation forward and backward,upper,25,25,880,880
10,Flexion-pressure rotation forward and backward,upper,26,26,880,880
10,Flexion-pressure rotation forward and backward,upper,27,27,880,880
10,Flexion-pressure rotation forward and backward,upper,28,28,880,880
10,Flexion-pressure rotation forward and backward,upper,29,29,880,880
10,Flexion-pressure rotation forward and backward,upper,30,30,880,880
10,Flexion-pressure rotation forward and backward,upper,31,31,880,880
10,Flexion-pressure rotation forward and backward,upper,32,32,880,880
10,Flexion-pressure rotation forward and backward,upper,33,33,880,880
10,Flexion-pressure rotation forward and backward,upper,34,34,880,880
10,Flexion-pressure rotation forward and backward,upper,35,35,880,880
10,Flexion-pressure rotation forward and backward,upper,36,36,880,880
10,Flexion-pressure rotation forward and backward,upper,37,37,880,880
10,Flexion-pressure rotation forward and backward,upper,38,38,841,880
10,Flexion-pressure rotation forward and backward,upper,39,39,861,880
10,Flexion-pressure rotation forward and backward,upper,40,40,841,880
10,Flexion-pressure rotation forward and backward,upper,41,41,880,880
10,Flexion-pressure rotation forward and backward,upper,42,42,880,880
10,Flexion-pressure rotation forward and backward,upper,43,43,880,880
10,Flexion-pressure rotation forward and backward,upper,44,44,706,704
10,Flexion-pressure rotation forward and backward,upper,45,45,727,724
10,Flexion-pressure rotation forward and backward,upper,46,46,707,705
10,Flexion-pressure rotation forward and backward,upper,47,47,880,880
10,Flexion-pressure rotation forward and backward,upper,48,48,880,880
10,Flexion-pressure rotation forward and backward,upper,49,49,880,880
10,Flexion-pressure rotation forward and backward,upper,50,50,880,880
10,Flexion-pressure rotation forward and backward,upper,51,51,880,880
10,Flexion-pressure rotation forward and backward,upper,52,52,880,880
10,Flexion-pressure rotation forward and backward,upper,53,53,617,725
10,Flexion-pressure rotation forward and backward,upper,54,54,638,745
10,Flexion-pressure rotation forward and backward,upper,55,55,831,871
10,Flexion-pressure rotation forward and backward,upper,56,56,851,880
10,Flexion-pressure rotation forward and backward,upper,57,57,832,872
10,Flexion-pressure rotation forward and backward,upper,58,58,773,641
10,Flexion-pressure rotation forward and backward,upper,59,59,793,661
10,Flexion-pressure rotation forward and backward,upper,60,60,774,641
10,Flexion-pressure rotation forward and backward,upper,61,61,880,880
10,Flexion-pressure rotation forward and backward,upper,62,62,880,880
10,Flexion-pressure rotation forward and backward,upper,63,63,880,880
10,Flexion-pressure rotation forward and backward,upper,64,64,880,880
10,Flexion-pressure rotation forward and backward,upper,65,65,880,880
10,Flexion-pressure rotation forward and backward,upper,66,66,880,880
10,Flexion-pressure rotation forward and backward,upper,67,67,880,880
10,Flexion-pressure rotation forward and backward,upper,68,68,880,880
10,Flexion-pressure rotation forward and backward,upper,69,69,880,880
10,Flexion-pressure rotation forward and backward,upper,70,70,880,880
10,Flexion-pressure rotation forward and backward,upper,71,71,880,880
10,Flexion-pressure rotation forward and backward,upper,72,72,880,880
10,Flexion-pressure rotation forward and backward,upper,73,73,880,880
10,Flexion-pressure rotation forward and backward,upper,74,74,880,880
10,Flexion-pressure rotation forward and backward,upper,75,75,880,866
10,Flexion-pressure rotation forward and backward,upper,76,76,880,880
10,Flexion-pressure rotation forward and backward,upper,77,77,880,867
10,Flexion-pressure rotation forward and backward,upper,78,78,880,880
10,Flexion-pressure rotation forward and backward,upper,79,79,880,880
10,Flexion-pressure rotation forward and backward,upper,80,80,880,880
10,Flexion-pressure rotation forward and backward,upper,81,81,880,880
10,Flexion-pressure rotation forward and backward,upper,82,82,880,880
10,Flexion-pressure rotation forward and backward,upper,83,83,880,880
10,Flexion-pressure rotation forward and backward,upper,84,84,880,880
10,Flexion-pressure rotation forward and backward,upper,85,85,880,880
10,Flexion-pressure rotation forward and backward,upper,86,86,880,880
10,Flexion-pressure rotation forward and backward,upper,87,87,880,880
10,Flexion-pressure rotation forward and backward,upper,88,88,880,880
10,Flexion-pressure rotation forward and backward,upper,89,89,880,880
10,Flexion-pressure rotation forward and backward,upper,90,90,880,880
10,Flexion-pressure rotation forward and backward,upper,91,91,880,880
10,Flexion-pressure rotation forward and backward,upper,92,92,880,880
10,Flexion-pressure rotation forward and backward,upper,93,93,880,880
10,Flexion-pressure rotation forward and backward,upper,94,94,880,880
10,Flexion-pressure rotation forward and backward,upper,95,95,880,880
10,Flexion-pressure rotation forward and backward,upper,96,96,880,880
10,Flexion-pressure rotation forward and backward,upper,97,97,880,880
10,Flexion-pressure rotation forward and backward,upper,98,98,880,880
10,Flexion-pressure rotation forward and backward,upper,99,99,880,880
10,Flexion-pressure rotation forward and backward,upper,100,100,880,880
10,Flexion-pressure rotation forward and backward,upper,101,101,880,880
10,Flexion-pressure rotation forward and backward,upper,102,102,880,880
10,Flexion-pressure rotation forward and backward,upper,103,103,880,880
10,Flexion-pressure rotation forward and backward,upper,104,104,880,880
10,Flexion-pressure rotation forward and backward,upper,105,105,880,880
10,Flexion-pressure rotation forward and backward,upper,106,106,880,880
10,Flexion-pressure rotation forward and backward,upper,107,107,880,880
10,Flexion-pressure rotation forward and backward,upper,108,108,880,880
10,Flexion-pressure rotation forward and backward,upper,109,109,880,880
10,Flexion-pressure rotation forward and backward,upper,110,110,880,880
10,Flexion-pressure rotation forward and backward,upper,111,111,357,670
10,Flexion-pressure rotation forward and backward,upper,112,112,686,649
10,Flexion-pressure rotation forward and backward,upper,113,113,666,629
10,Flexion-pressure rotation forward and backward,upper,114,114,880,880
10,Flexion-pressure rotation forward and backward,upper,115,115,880,880
10,Flexion-pressure rotation forward and backward,upper,116,116,880,880
10,Flexion-pressure rotation forward and backward,upper,117,117,880,880
10,Flexion-pressure rotation forward and backward,upper,118,118,880,880
10,Flexion-pressure rotation forward and backward,upper,119,119,880,880
10,Flexion-pressure rotation forward and backward,upper,120,120,703,791
10,Flexion-pressure rotation forward and backward,upper,121,121,723,811
10,Flexion-pressure rotation forward and backward,upper,122,122,704,792
10,Flexion-pressure rotation forward and backward,upper,123,123,670,762
10,Flexion-pressure rotation forward and backward,upper,124,124,690,783
10,Flexion-pressure rotation forward and backward,upper,125,125,671,763
10,Flexion-pressure rotation forward and backward,upper,126,126,654,754
10,Flexion-pressure rotation forward and backward,upper,127,127,880,880
10,Flexion-pressure rotation forward and backward,upper,128,128,880,880
10,Flexion-pressure rotation forward and backward,upper,129,129,880,880
10,Flexion-pressure rotation forward and backward,upper,130,130,880,785
10,Flexion-pressure rotation forward and backward,upper,131,131,880,806
10,Flexion-pressure rotation forward and backward,upper,132,132,880,786
10,Flexion-pressure rotation forward and backward,upper,133,133,604,880
10,Flexion-pressure rotation forward and backward,upper,134,134,625,880
10,Flexion-pressure rotation forward and backward,upper,135,135,605,880
10,Flexion-pressure rotation forward and backward,upper,136,136,880,880
10,Flexion-pressure rotation forward and backward,upper,137,137,880,880
10,Flexion-pressure rotation forward and backward,upper,138,138,880,880
10,Flexion-pressure rotation forward and backward,upper,139,139,880,880
10,Flexion-pressure rotation forward and backward,upper,140,140,880,880
10,Flexion-pressure rotation forward and backward,upper,141,141,880,880
10,Flexion-pressure rotation forward and backward,upper,142,142,749,880
10,Flexion-pressure rotation forward and backward,upper,143,143,769,880
10,Flexion-pressure rotation forward and backward,upper,144,144,749,880
10,Flexion-pressure rotation forward and backward,upper,145,145,785,880
10,Flexion-pressure rotation forward and backward,upper,146,146,805,880
10,Flexion-pressure rotation forward and backward,upper,147,147,785,880
10,Flexion-pressure rotation forward and backward,upper,148,148,880,880
10,Flexion-pressure rotation forward and backward,upper,149,149,880,880
10,Flexion-pressure rotation forward and backward,upper,150,150,880,880
10,Flexion-pressure rotation forward and backward,upper,151,151,843,880
10,Flexion-pressure rotation forward and backward,upper,152,152,864,880
10,Flexion-pressure rotation forward and backward,upper,153,153,844,880
10,Flexion-pressure rotation forward and backward,upper,154,154,880,880
10,Flexion-pressure rotation forward and backward,upper,155,155,880,880
10,Flexion-pressure rotation forward and backward,upper,156,156,880,880
10,Flexion-pressure rotation forward and backward,upper,157,157,880,880
10,Flexion-pressure rotation forward and backward,upper,158,158,880,880
10,Flexion-pressure rotation forward and backward,upper,159,159,880,880
10,Flexion-pressure rotation forward and backward,upper,160,160,702,708
10,Flexion-pressure rotation forward and backward,upper,161,161,577,582
10,Flexion-pressure rotation forward and backward,upper,162,162,722,729
10,Flexion-pressure rotation forward and backward,upper,163,163,632,637
10,Flexion-pressure rotation forward and backward,upper,164,164,703,709
10,Flexion-pressure rotation forward and backward,upper,165,165,658,663
10,Flexion-pressure rotation forward and backward,upper,166,166,835,848
10,Flexion-pressure rotation forward and backward,upper,167,167,702,714
10,Flexion-pressure rotation forward and backward,upper,168,168,856,868
10,Flexion-pressure rotation forward and backward,upper,169,169,748,760
10,Flexion-pressure rotation forward and backward,upper,170,170,836,849
10,Flexion-pressure rotation forward and backward,upper,171,171,782,794
10,Flexion-pressure rotation forward and backward,upper,172,172,809,836
10,Flexion-pressure rotation forward and backward,upper,173,173,677,702
10,Flexion-pressure rotation forward and backward,upper,174,174,829,857
10,Flexion-pressure rotation forward and backward,upper,175,175,725,749
10,Flexion-pressure rotation forward and backward,upper,176,176,809,837
10,Flexion-pressure rotation forward and backward,upper,177,177,758,783
10,Flexion-pressure rotation forward and backward,upper,178,178,646,700
10,Flexion-pressure rotation forward and backward,upper,179,179,525,575
10,Flexion-pressure rotation forward and backward,upper,180,180,666,721
10,Flexion-pressure rotation forward and backward,upper,181,181,584,631
10,Flexion-pressure rotation forward and backward,upper,182,182,647,701
10,Flexion-pressure rotation forward and backward,upper,183,183,605,656
10,Flexion-pressure rotation forward and backward,upper,184,184,677,644
10,Flexion-pressure rotation forward and backward,upper,185,185,553,522
10,Flexion-pressure rotation forward and backward,upper,186,186,697,665
10,Flexion-pressure rotation forward and backward,upper,187,187,610,581
10,Flexion-pressure rotation forward and backward,upper,188,188,677,645
10,Flexion-pressure rotation forward and backward,upper,189,189,545,601
10,Flexion-pressure rotation forward and backward,upper,190,190,429,482
10,Flexion-pressure rotation forward and backward,upper,191,191,565,621
10,Flexion-pressure rotation forward and backward,upper,192,192,495,543
10,Flexion-pressure rotation forward and backward,upper,193,193,545,601
10,Flexion-pressure rotation forward and backward,upper,194,194,510,563
10,Flexion-pressure rotation forward and backward,upper,195,195,733,880
10,Flexion-pressure rotation forward and backward,upper,196,196,606,841
10,Flexion-pressure rotation forward and backward,upper,197,197,753,880
10,Flexion-pressure rotation forward and backward,upper,198,198,659,878
10,Flexion-pressure rotation forward and backward,upper,199,199,733,880
10,Flexion-pressure rotation forward and backward,upper,200,200,686,880
10,Flexion-pressure rotation forward and backward,upper,201,201,758,825
10,Flexion-pressure rotation forward and backward,upper,202,202,630,693
10,Flexion-pressure rotation forward and backward,upper,203,203,778,846
10,Flexion-pressure rotation forward and backward,upper,204,204,682,740
10,Flexion-pressure rotation forward and backward,upper,205,205,759,826
10,Flexion-pressure rotation forward and backward,upper,206,206,710,773
10,Flexion-pressure rotation forward and backward,upper,207,207,750,696
10,Flexion-pressure rotation forward and backward,upper,208,208,622,571
10,Flexion-pressure rotation forward and backward,upper,209,209,770,716
10,Flexion-pressure rotation forward and backward,upper,210,210,674,626
10,Flexion-pressure rotation forward and backward,upper,211,211,751,697
10,Flexion-pressure rotation forward and backward,upper,212,212,703,652
10,Flexion-pressure rotation forward and backward,upper,213,213,841,880
10,Flexion-pressure rotation forward and backward,upper,214,214,708,837
10,Flexion-pressure rotation forward and backward,upper,215,215,862,880
10,Flexion-pressure rotation forward and backward,upper,216,216,754,875
10,Flexion-pressure rotation forward and backward,upper,217,217,842,880
10,Flexion-pressure rotation forward and backward,upper,218,218,788,880
10,Flexion-pressure rotation forward and backward,upper,219,219,876,880
10,Flexion-pressure rotation forward and backward,upper,220,220,740,880
10,Flexion-pressure rotation forward and backward,upper,221,221,880,880
10,Flexion-pressure rotation forward and backward,upper,222,222,785,880
10,Flexion-pressure rotation forward and backward,upper,223,223,877,880
10,Flexion-pressure rotation forward and backward,upper,224,224,821,880
10,Flexion-pressure rotation forward and backward,upper,225,225,880,880
10,Flexion-pressure rotation forward and backward,upper,226,226,878,880
10,Flexion-pressure rotation forward and backward,upper,227,227,880,880
10,Flexion-pressure rotation forward and backward,upper,228,228,880,880
10,Flexion-pressure rotation forward and backward,upper,229,229,880,880
10,Flexion-pressure rotation forward and backward,upper,230,230,880,880
10,Flexion-pressure rotation forward and backward,upper,231,231,630,684
10,Flexion-pressure rotation forward and backward,upper,232,232,510,560
10,Flexion-pressure rotation forward and backward,upper,233,233,650,705
10,Flexion-pressure rotation forward and backward,upper,234,234,570,617
10,Flexion-pressure rotation forward and backward,upper,235,235,631,685
10,Flexion-pressure rotation forward and backward,upper,236,236,590,641
10,Flexion-pressure rotation forward and backward,upper,237,237,759,792
10,Flexion-pressure rotation forward and backward,upper,238,238,630,661
10,Flexion-pressure rotation forward and backward,upper,239,239,779,812
10,Flexion-pressure rotation forward and backward,upper,240,240,683,710
10,Flexion-pressure rotation forward and backward,upper,241,241,760,793
10,Flexion-pressure rotation forward and backward,upper,242,242,711,742
10,Flexion-pressure rotation forward and backward,upper,243,243,880,880
10,Flexion-pressure rotation forward and backward,upper,244,244,880,880
10,Flexion-pressure rotation forward and backward,upper,245,245,880,880
10,Flexion-pressure rotation forward and backward,upper,246,246,880,880
10,Flexion-pressure rotation forward and backward,upper,247,247,880,880
10,Flexion-pressure rotation forward and backward,upper,248,248,880,880
11,Elbow joint flexion and touch,upper,0,0,835,836
11,Elbow joint flexion and touch,upper,1,1,856,857
11,Elbow joint flexion and touch,upper,2,2,836,837
11,Elbow joint flexion and touch,upper,3,3,751,601
11,Elbow joint flexion and touch,upper,4,4,880,880
11,Elbow joint flexion and touch,upper,5,5,880,880
11,Elbow joint flexion and touch,upper,6,6,353,329
11,Elbow joint flexion and touch,upper,7,7,374,349
11,Elbow joint flexion and touch,upper,8,8,354,329
11,Elbow joint flexion and touch,upper,9,9,497,488
11,Elbow joint flexion and touch,upper,10,10,517,508
11,Elbow joint flexion and touch,upper,11,11,497,489
11,Elbow joint flexion and touch,upper,12,12,880,880
11,Elbow joint flexion and touch,upper,13,13,880,880
11,Elbow joint flexion and touch,upper,14,14,880,880
11,Elbow joint flexion and touch,upper,15,15,880,880
11,Elbow joint flexion and touch,upper,16,16,880,880
11,Elbow joint flexion and touch,upper,17,17,880,880
11,Elbow joint flexion and touch,upper,18,18,430,433
11,Elbow joint flexion and touch,upper,19,19,450,453
11,Elbow joint flexion and touch,upper,20,20,431,433
11,Elbow joint flexion and touch,upper,21,21,529,822
11,Elbow joint flexion and touch,upper,22,22,549,842
11,Elbow joint flexion and touch,upper,23,23,529,823
11,Elbow joint flexion and touch,upper,24,24,528,530
11,Elbow joint flexion and touch,upper,25,25,548,551
11,Elbow joint flexion and touch,upper,26,26,529,531
11,Elbow joint flexion and touch,upper,27,27,516,550
11,Elbow joint flexion and touch,upper,28,28,537,570
11,Elbow joint flexion and touch,upper,29,29,517,551
11,Elbow joint flexion and touch,upper,30,30,422,465
11,Elbow joint flexion and touch,upper,31,31,442,485
11,Elbow joint flexion and touch,upper,32,32,423,465
11,Elbow joint flexion and touch,upper,33,33,311,269
11,Elbow joint flexion and touch,upper,34,34,331,289
11,Elbow joint flexion and touch,upper,35,35,312,269
11,Elbow joint flexion and touch,upper,36,36,565,545
11,Elbow joint flexion and touch,upper,37,37,585,566
11,Elbow joint flexion and touch,upper,38,38,565,546
11,Elbow joint flexion and touch,upper,39,39,849,533
11,Elbow joint flexion and touch,upper,40,40,869,553
11,Elbow joint flexion and touch,upper,41,41,849,534
11,Elbow joint flexion and touch,upper,42,45,534,586
11,Elbow joint flexion and touch,upper,43,46,554,607
11,Elbow joint flexion and touch,upper,44,47,535,587
11,Elbow joint flexion and touch,upper,45,48,880,880
11,Elbow joint flexion and touch,upper,46,49,880,880
11,Elbow joint flexion and touch,upper,47,50,880,880
11,Elbow joint flexion and touch,upper,48,51,685,819
11,Elbow joint flexion and touch,upper,49,52,705,840
11,Elbow joint flexion and touch,upper,50,53,685,820
11,Elbow joint flexion and touch,upper,51,54,880,878
11,Elbow joint flexion and touch,upper,52,55,880,880
11,Elbow joint flexion and touch,upper,53,56,880,879
11,Elbow joint flexion and touch,upper,54,60,880,516
11,Elbow joint flexion and touch,upper,55,61,880,517
11,Elbow joint flexion and touch,upper,56,62,589,542
11,Elbow joint flexion and touch,upper,57,63,609,562
11,Elbow joint flexion and touch,upper,58,64,589,543
11,Elbow joint flexion and touch,upper,59,65,557,553
11,Elbow joint flexion and touch,upper,60,66,441,437
11,Elbow joint flexion and touch,upper,61,67,577,573
11,Elbow joint flexion and touch,upper,62,68,505,501
11,Elbow joint flexion and touch,upper,63,69,558,553
11,Elbow joint flexion and touch,upper,64,70,522,518
11,Elbow joint flexion and touch,upper,65,71,549,559
11,Elbow joint flexion and touch,upper,66,72,433,443
11,Elbow joint flexion and touch,upper,67,73,569,579
11,Elbow joint flexion and touch,upper,68,74,498,507
11,Elbow joint flexion and touch,upper,69,75,549,560
11,Elbow joint flexion and touch,upper,70,76,514,524
11,Elbow joint flexion and touch,upper,71,77,666,644
11,Elbow joint flexion and touch,upper,72,78,817,793
11,Elbow joint flexion and touch,upper,73,79,715,695
11,Elbow joint flexion and touch,upper,74,80,798,774
11,Elbow joint flexion and touch,upper,75,81,747,725
11,Elbow joint flexion and touch,upper,76,82,480,486
11,Elbow joint flexion and touch,upper,77,83,369,375
11,Elbow joint flexion and touch,upper,78,84,500,506
11,Elbow joint flexion and touch,upper,79,85,438,444
11,Elbow joint flexion and touch,upper,80,86,481,487
11,Elbow joint flexion and touch,upper,81,87,449,455
11,Elbow joint flexion and touch,upper,82,88,502,495
11,Elbow joint flexion and touch,upper,83,89,390,383
11,Elbow joint flexion and touch,upper,84,90,522,515
11,Elbow joint flexion and touch,upper,85,91,458,451
11,Elbow joint flexion and touch,upper,86,92,503,496
11,Elbow joint flexion and touch,upper,87,93,470,464
11,Elbow joint flexion and touch,upper,88,95,702,702
11,Elbow joint flexion and touch,upper,89,97,748,749
11,Elbow joint flexion and touch,upper,90,99,782,783
11,Elbow joint flexion and touch,upper,91,100,880,769
11,Elbow joint flexion and touch,upper,92,101,880,640
11,Elbow joint flexion and touch,upper,93,102,880,790
11,Elbow joint flexion and touch,upper,94,103,880,692
11,Elbow joint flexion and touch,upper,95,104,880,770
11,Elbow joint flexion and touch,upper,96,105,880,721
11,Elbow joint flexion and touch,upper,97,106,750,600
11,Elbow joint flexion and touch,upper,98,107,622,481
11,Elbow joint flexion and touch,upper,99,108,770,620
11,Elbow joint flexion and touch,upper,100,109,674,542
11,Elbow joint flexion and touch,upper,101,111,703,562
11,Elbow joint flexion and touch,upper,102,112,880,880
11,Elbow joint flexion and touch,upper,103,113,880,880
11,Elbow joint flexion and touch,upper,104,115,880,880
11,Elbow joint flexion and touch,upper,105,117,880,880
11,Elbow joint flexion and touch,upper,106,121,328,305
11,Elbow joint flexion and touch,upper,107,123,331,308
11,Elbow joint flexion and touch,upper,108,124,880,880
11,Elbow joint flexion and touch,upper,109,125,880,880
11,Elbow joint flexion and touch,upper,110,126,880,880
11,Elbow joint flexion and touch,upper,111,127,880,880
11,Elbow joint flexion and touch,upper,112,128,880,880
11,Elbow joint flexion and touch,upper,113,130,384,376
11,Elbow joint flexion and touch,upper,114,132,453,444
11,Elbow joint flexion and touch,upper,115,134,465,457
11,Elbow joint flexion and touch,upper,116,135,880,725
11,Elbow joint flexion and touch,upper,117,136,746,599
11,Elbow joint flexion and touch,upper,118,137,880,745
11,Elbow joint flexion and touch,upper,119,138,789,653
11,Elbow joint flexion and touch,upper,120,139,880,726
11,Elbow joint flexion and touch,upper,121,140,827,680
11,Elbow joint flexion and touch,upper,122,141,752,746
11,Elbow joint flexion and touch,upper,123,142,624,618
11,Elbow joint flexion and touch,upper,124,143,772,767
11,Elbow joint flexion and touch,upper,125,144,676,671
11,Elbow joint flexion and touch,upper,126,145,753,747
11,Elbow joint flexion and touch,upper,127,146,704,699
11,Elbow joint flexion and touch,upper,128,147,880,880
11,Elbow joint flexion and touch,upper,129,148,753,753
11,Elbow joint flexion and touch,upper,130,149,880,880
11,Elbow joint flexion and touch,upper,131,150,797,797
11,Elbow joint flexion and touch,upper,132,151,880,880
11,Elbow joint flexion and touch,upper,133,152,834,834
11,Elbow joint flexion and touch,upper,134,153,784,753
11,Elbow joint flexion and touch,upper,135,154,654,625
11,Elbow joint flexion and touch,upper,136,155,804,774
11,Elbow joint flexion and touch,upper,137,156,704,678
11,Elbow joint flexion and touch,upper,138,157,785,754
11,Elbow joint flexion and touch,upper,139,158,734,706
11,Elbow joint flexion and touch,upper,140,159,880,880
11,Elbow joint flexion and touch,upper,141,160,880,880
11,Elbow joint flexion and touch,upper,142,161,880,880
11,Elbow joint flexion and touch,upper,143,162,880,880
11,Elbow joint flexion and touch,upper,144,163,880,880
11,Elbow joint flexion and touch,upper,145,164,880,880
11,Elbow joint flexion and touch,upper,146,166,781,842
11,Elbow joint flexion and touch,upper,147,168,822,879
11,Elbow joint flexion and touch,upper,148,170,862,880
11,Elbow joint flexion and touch,upper,149,172,322,324
11,Elbow joint flexion and touch,upper,150,174,394,397
11,Elbow joint flexion and touch,upper,151,176,403,405
11,Elbow joint flexion and touch,upper,152,178,414,690
11,Elbow joint flexion and touch,upper,153,180,481,738
11,Elbow joint flexion and touch,upper,154,182,495,770
11,Elbow joint flexion and touch,upper,155,183,333,361
11,Elbow joint flexion and touch,upper,156,185,353,382
11,Elbow joint flexion and touch,upper,157,186,309,334
11,Elbow joint flexion and touch,upper,158,187,334,362
11,Elbow joint flexion and touch,upper,159,188,312,338
11,Elbow joint flexion and touch,upper,160,189,671,682
11,Elbow joint flexion and touch,upper,161,190,548,558
11,Elbow joint flexion and touch,upper,162,191,691,703
11,Elbow joint flexion and touch,upper,163,192,605,615
11,Elbow joint flexion and touch,upper,164,193,672,683
11,Elbow joint flexion and touch,upper,165,194,629,639
11,Elbow joint flexion and touch,upper,166,195,665,682
11,Elbow joint flexion and touch,upper,167,196,542,558
11,Elbow joint flexion and touch,upper,168,197,685,703
11,Elbow joint flexion and touch,upper,169,198,599,615
11,Elbow joint flexion and touch,upper,170,199,665,683
11,Elbow joint flexion and touch,upper,171,200,623,639
11,Elbow joint flexion and touch,upper,172,201,482,491
11,Elbow joint flexion and touch,upper,173,202,371,379
11,Elbow joint flexion and touch,upper,174,203,503,512
11,Elbow joint flexion and touch,upper,175,204,483,492
11,Elbow joint flexion and touch,upper,176,205,452,460
11,Elbow joint flexion and touch,upper,177,206,780,761
11,Elbow joint flexion and touch,upper,178,207,650,633
11,Elbow joint flexion and touch,upper,179,208,801,782
11,Elbow joint flexion and touch,upper,180,209,701,684
11,Elbow joint flexion and touch,upper,181,210,781,762
11,Elbow joint flexion and touch,upper,182,211,731,713
11,Elbow joint flexion and touch,upper,183,213,402,435
11,Elbow joint flexion and touch,upper,184,215,469,500
11,Elbow joint flexion and touch,upper,185,217,483,515
11,Elbow joint flexion and touch,upper,186,230,448,430
11,Elbow joint flexion and touch,upper,187,232,512,496
11,Elbow joint flexion and touch,upper,188,234,529,511
12,Shoulder touch training,upper,0,0,517,541
12,Shoulder touch training,upper,1,1,497,521
12,Shoulder touch training,upper,2,2,301,273
12,Shoulder touch training,upper,3,3,321,293
12,Shoulder touch training,upper,4,4,302,273
12,Shoulder touch training,upper,5,5,880,880
12,Shoulder touch training,upper,6,6,880,880
12,Shoulder touch training,upper,7,7,880,880
12,Shoulder touch training,upper,8,8,488,516
12,Shoulder touch training,upper,9,9,508,537
12,Shoulder touch training,upper,10,10,489,517
12,Shoulder touch training,upper,11,11,771,847
12,Shoulder touch training,upper,12,12,792,867
12,Shoulder touch training,upper,13,13,772,848
12,Shoulder touch training,upper,14,14,593,599
12,Shoulder touch training,upper,15,15,614,619
12,Shoulder touch training,upper,16,16,594,600
12,Shoulder touch training,upper,17,17,880,880
12,Shoulder touch training,upper,18,18,880,880
12,Shoulder touch training,upper,19,19,880,880
12,Shoulder touch training,upper,20,20,552,551
12,Shoulder touch training,upper,21,21,572,571
12,Shoulder touch training,upper,22,22,553,552
12,Shoulder touch training,upper,23,23,789,641
12,Shoulder touch training,upper,24,24,809,661
12,Shoulder touch training,upper,25,25,790,641
12,Shoulder touch training,upper,26,26,382,374
12,Shoulder touch training,upper,27,27,402,394
12,Shoulder touch training,upper,28,28,383,375
12,Shoulder touch training,upper,29,30,317,359
12,Shoulder touch training,upper,30,31,337,379
12,Shoulder touch training,upper,31,32,317,360
12,Shoulder touch training,upper,32,33,528,549
12,Shoulder touch training,upper,33,34,548,569
12,Shoulder touch training,upper,34,35,529,549
12,Shoulder touch training,upper,35,36,880,880
12,Shoulder touch training,upper,36,37,880,880
12,Shoulder touch training,upper,37,38,880,880
12,Shoulder touch training,upper,38,39,880,880
12,Shoulder touch training,upper,39,40,880,880
12,Shoulder touch training,upper,40,41,880,880
12,Shoulder touch training,upper,41,42,571,880
12,Shoulder touch training,upper,42,43,592,880
12,Shoulder touch training,upper,43,44,572,880
12,Shoulder touch training,upper,44,45,328,379
12,Shoulder touch training,upper,45,46,348,400
12,Shoulder touch training,upper,46,47,329,380
12,Shoulder touch training,upper,47,48,880,880
12,Shoulder touch training,upper,48,49,880,880
12,Shoulder touch training,upper,49,50,880,880
12,Shoulder touch training,upper,50,54,793,625
12,Shoulder touch training,upper,51,55,813,646
12,Shoulder touch training,upper,52,56,793,626
12,Shoulder touch training,upper,53,57,880,809
12,Shoulder touch training,upper,54,58,880,830
12,Shoulder touch training,upper,55,59,880,810
12,Shoulder touch training,upper,56,60,432,437
12,Shoulder touch training,upper,57,61,452,457
12,Shoulder touch training,upper,58,62,433,437
12,Shoulder touch training,upper,59,63,880,880
12,Shoulder touch training,upper,60,64,880,880
12,Shoulder touch training,upper,61,65,880,880
12,Shoulder touch training,upper,62,66,570,557
12,Shoulder touch training,upper,63,67,591,577
12,Shoulder touch training,upper,64,68,571,558
12,Shoulder touch training,upper,65,69,711,697
12,Shoulder touch training,upper,66,70,731,717
12,Shoulder touch training,upper,67,71,712,697
12,Shoulder touch training,upper,68,72,491,532
12,Shoulder touch training,upper,69,73,512,553
12,Shoulder touch training,upper,70,74,492,533
12,Shoulder touch training,upper,71,75,672,660
12,Shoulder touch training,upper,72,76,692,681
12,Shoulder touch training,upper,73,77,673,661
12,Shoulder touch training,upper,74,78,709,730
12,Shoulder touch training,upper,75,79,729,751
12,Shoulder touch training,upper,76,80,710,731
12,Shoulder touch training,upper,77,81,382,306
12,Shoulder touch training,upper,78,82,402,327
12,Shoulder touch training,upper,79,83,383,307
12,Shoulder touch training,upper,80,84,764,757
12,Shoulder touch training,upper,81,85,785,777
12,Shoulder touch training,upper,82,86,765,757
12,Shoulder touch training,upper,83,87,720,741
12,Shoulder touch training,upper,84,88,740,761
12,Shoulder touch training,upper,85,89,721,741
12,Shoulder touch training,upper,86,90,831,833
12,Shoulder touch training,upper,87,91,851,854
12,Shoulder touch training,upper,88,92,832,834
12,Shoulder touch training,upper,89,93,440,473
12,Shoulder touch training,upper,90,94,460,493
12,Shoulder touch training,upper,91,95,441,473
12,Shoulder touch training,upper,92,96,813,812
12,Shoulder touch training,upper,93,97,833,833
12,Shoulder touch training,upper,94,98,813,813
12,Shoulder touch training,upper,95,99,880,880
12,Shoulder touch training,upper,96,100,880,880
12,Shoulder touch training,upper,97,101,880,880
12,Shoulder touch training,upper,98,102,880,880
12,Shoulder touch training,upper,99,103,880,880
12,Shoulder touch training,upper,100,104,880,880
12,Shoulder touch training,upper,101,105,880,880
12,Shoulder touch training,upper,102,106,880,880
12,Shoulder touch training,upper,103,107,594,567
12,Shoulder touch training,upper,104,108,615,587
12,Shoulder touch training,upper,105,109,595,568
12,Shoulder touch training,upper,106,110,488,488
12,Shoulder touch training,upper,107,111,508,508
12,Shoulder touch training,upper,108,112,489,489
12,Shoulder touch training,upper,109,113,880,880
12,Shoulder touch training,upper,110,114,880,880
12,Shoulder touch training,upper,111,115,880,880
12,Shoulder touch training,upper,112,117,303,345
12,Shoulder touch training,upper,113,119,880,880
12,Shoulder touch training,upper,114,120,880,880
12,Shoulder touch training,upper,115,121,880,880
12,Shoulder touch training,upper,116,122,797,801
12,Shoulder touch training,upper,117,123,571,578
12,Shoulder touch training,upper,118,124,592,599
12,Shoulder touch training,upper,119,126,500,493
12,Shoulder touch training,upper,120,127,521,513
12,Shoulder touch training,upper,121,128,501,493
12,Shoulder touch training,upper,122,129,880,880
12,Shoulder touch training,upper,123,130,880,880
12,Shoulder touch training,upper,124,131,880,880
12,Shoulder touch training,upper,125,133,561,880
12,Shoulder touch training,upper,126,134,582,880
12,Shoulder touch training,upper,127,135,562,880
12,Shoulder touch training,upper,128,136,641,316
12,Shoulder touch training,upper,129,137,661,337
12,Shoulder touch training,upper,130,138,641,317
12,Shoulder touch training,upper,131,139,706,648
12,Shoulder touch training,upper,132,140,727,668
12,Shoulder touch training,upper,133,141,707,649
12,Shoulder touch training,upper,134,142,479,377
12,Shoulder touch training,upper,135,143,499,397
12,Shoulder touch training,upper,136,144,480,377
12,Shoulder touch training,upper,137,145,880,880
12,Shoulder touch training,upper,138,146,880,880
12,Shoulder touch training,upper,139,147,880,880
12,Shoulder touch training,upper,140,148,880,880
12,Shoulder touch training,upper,141,149,880,880
12,Shoulder touch training,upper,142,150,880,880
12,Shoulder touch training,upper,143,151,450,309
12,Shoulder touch training,upper,144,152,471,329
12,Shoulder touch training,upper,145,153,451,309
12,Shoulder touch training,upper,146,154,659,737
12,Shoulder touch training,upper,147,155,680,758
12,Shoulder touch training,upper,148,156,660,738
12,Shoulder touch training,upper,149,157,789,822
12,Shoulder touch training,upper,150,158,809,842
12,Shoulder touch training,upper,151,159,790,823
12,Shoulder touch training,upper,152,160,505,413
12,Shoulder touch training,upper,153,161,525,433
12,Shoulder touch training,upper,154,162,505,414
12,Shoulder touch training,upper,155,163,689,695
12,Shoulder touch training,upper,156,164,689,696
12,Shoulder touch training,upper,157,168,681,710
12,Shoulder touch training,upper,158,169,558,585
12,Shoulder touch training,upper,159,170,702,730
12,Shoulder touch training,upper,160,171,614,640
12,Shoulder touch training,upper,161,172,682,711
12,Shoulder touch training,upper,162,173,638,665
12,Shoulder touch training,upper,163,174,468,497
12,Shoulder touch training,upper,164,175,357,384
12,Shoulder touch training,upper,165,176,489,517
12,Shoulder touch training,upper,166,177,427,453
12,Shoulder touch training,upper,167,178,469,497
12,Shoulder touch training,upper,168,179,438,465
12,Shoulder touch training,upper,169,180,490,514
12,Shoulder touch training,upper,170,181,378,401
12,Shoulder touch training,upper,171,182,511,535
12,Shoulder touch training,upper,172,183,447,467
12,Shoulder touch training,upper,173,184,491,515
12,Shoulder touch training,upper,174,185,459,482
12,Shoulder touch training,upper,175,186,431,414
12,Shoulder touch training,upper,176,187,323,307
12,Shoulder touch training,upper,177,188,478,469
12,Shoulder touch training,upper,178,189,367,359
12,Shoulder touch training,upper,179,190,498,489
12,Shoulder touch training,upper,180,191,436,429
12,Shoulder touch training,upper,181,192,479,470
12,Shoulder touch training,upper,182,193,448,440
12,Shoulder touch training,upper,183,194,681,595
12,Shoulder touch training,upper,184,195,558,477
12,Shoulder touch training,upper,185,196,702,616
12,Shoulder touch training,upper,186,197,614,538
12,Shoulder touch training,upper,187,198,682,596
12,Shoulder touch training,upper,188,199,638,557
12,Shoulder touch training,upper,189,200,585,590
12,Shoulder touch training,upper,190,201,467,472
12,Shoulder touch training,upper,191,202,605,610
12,Shoulder touch training,upper,192,203,529,534
12,Shoulder touch training,upper,193,204,585,591
12,Shoulder touch training,upper,194,205,548,553
12,Shoulder touch training,upper,195,212,325,407
12,Shoulder touch training,upper,196,214,345,427
12,Shoulder touch training,upper,197,215,303,375
12,Shoulder touch training,upper,198,216,326,408
12,Shoulder touch training,upper,199,217,305,381
12,Shoulder touch training,upper,200,232,451,434
13,Ankle extension & Knee internal/external rotation,lower,0,0,801,547
13,Ankle extension & Knee internal/external rotation,lower,1,1,782,528
13,Ankle extension & Knee internal/external rotation,lower,2,3,321,662
13,Ankle extension & Knee internal/external rotation,lower,3,4,301,642
13,Ankle extension & Knee internal/external rotation,lower,4,5,880,662
13,Ankle extension & Knee internal/external rotation,lower,5,6,880,682
13,Ankle extension & Knee internal/external rotation,lower,6,7,880,663
13,Ankle extension & Knee internal/external rotation,lower,7,8,880,572
13,Ankle extension & Knee internal/external rotation,lower,8,9,880,593
13,Ankle extension & Knee internal/external rotation,lower,9,10,880,573
13,Ankle extension & Knee internal/external rotation,lower,10,11,634,671
13,Ankle extension & Knee internal/external rotation,lower,11,12,655,691
13,Ankle extension & Knee internal/external rotation,lower,12,13,635,672
13,Ankle extension & Knee internal/external rotation,lower,13,14,867,880
13,Ankle extension & Knee internal/external rotation,lower,14,15,880,880
13,Ankle extension & Knee internal/external rotation,lower,15,16,868,880
13,Ankle extension & Knee internal/external rotation,lower,16,17,781,880
13,Ankle extension & Knee internal/external rotation,lower,17,18,801,880
13,Ankle extension & Knee internal/external rotation,lower,18,19,782,880
13,Ankle extension & Knee internal/external rotation,lower,19,20,368,880
13,Ankle extension & Knee internal/external rotation,lower,20,21,388,880
13,Ankle extension & Knee internal/external rotation,lower,21,22,369,880
13,Ankle extension & Knee internal/external rotation,lower,22,23,626,880
13,Ankle extension & Knee internal/external rotation,lower,23,24,647,880
13,Ankle extension & Knee internal/external rotation,lower,24,25,627,880
13,Ankle extension & Knee internal/external rotation,lower,25,29,397,485
13,Ankle extension & Knee internal/external rotation,lower,26,30,417,505
13,Ankle extension & Knee internal/external rotation,lower,27,31,397,486
13,Ankle extension & Knee internal/external rotation,lower,28,32,546,354
13,Ankle extension & Knee internal/external rotation,lower,29,33,567,375
13,Ankle extension & Knee internal/external rotation,lower,30,34,547,355
13,Ankle extension & Knee internal/external rotation,lower,31,35,880,495
13,Ankle extension & Knee internal/external rotation,lower,32,36,880,515
13,Ankle extension & Knee internal/external rotation,lower,33,37,880,496
13,Ankle extension & Knee internal/external rotation,lower,34,38,336,880
13,Ankle extension & Knee internal/external rotation,lower,35,39,356,880
13,Ankle extension & Knee internal/external rotation,lower,36,40,337,880
13,Ankle extension & Knee internal/external rotation,lower,37,41,507,880
13,Ankle extension & Knee internal/external rotation,lower,38,42,528,880
13,Ankle extension & Knee internal/external rotation,lower,39,43,508,880
13,Ankle extension & Knee internal/external rotation,lower,40,44,589,629
13,Ankle extension & Knee internal/external rotation,lower,41,45,609,649
13,Ankle extension & Knee internal/external rotation,lower,42,46,590,630
13,Ankle extension & Knee internal/external rotation,lower,43,47,527,880
13,Ankle extension & Knee internal/external rotation,lower,44,48,547,880
13,Ankle extension & Knee internal/external rotation,lower,45,49,528,880
13,Ankle extension & Knee internal/external rotation,lower,46,50,517,637
13,Ankle extension & Knee internal/external rotation,lower,47,51,537,657
13,Ankle extension & Knee internal/external rotation,lower,48,52,518,638
13,Ankle extension & Knee internal/external rotation,lower,49,53,785,653
13,Ankle extension & Knee internal/external rotation,lower,50,54,569,119
13,Ankle extension & Knee internal/external rotation,lower,51,55,549,99
13,Ankle extension & Knee internal/external rotation,lower,52,56,666,880
13,Ankle extension & Knee internal/external rotation,lower,53,57,687,880
13,Ankle extension & Knee internal/external rotation,lower,54,58,667,880
13,Ankle extension & Knee internal/external rotation,lower,55,59,880,880
13,Ankle extension & Knee internal/external rotation,lower,56,60,880,880
13,Ankle extension & Knee internal/external rotation,lower,57,61,880,880
13,Ankle extension & Knee internal/external rotation,lower,58,62,424,880
13,Ankle extension & Knee internal/external rotation,lower,59,63,444,880
13,Ankle extension & Knee internal/external rotation,lower,60,64,425,880
13,Ankle extension & Knee internal/external rotation,lower,61,65,337,880
13,Ankle extension & Knee internal/external rotation,lower,62,66,357,880
13,Ankle extension & Knee internal/external rotation,lower,63,67,337,880
13,Ankle extension & Knee internal/external rotation,lower,64,68,567,880
13,Ankle extension & Knee internal/external rotation,lower,65,69,587,880
13,Ankle extension & Knee internal/external rotation,lower,66,70,568,880
13,Ankle extension & Knee internal/external rotation,lower,67,71,880,824
13,Ankle extension & Knee internal/external rotation,lower,68,72,880,844
13,Ankle extension & Knee internal/external rotation,lower,69,73,880,825
13,Ankle extension & Knee internal/external rotation,lower,70,74,614,880
13,Ankle extension & Knee internal/external rotation,lower,71,75,634,880
13,Ankle extension & Knee internal/external rotation,lower,72,76,615,880
13,Ankle extension & Knee internal/external rotation,lower,73,77,544,880
13,Ankle extension & Knee internal/external rotation,lower,74,78,564,880
13,Ankle extension & Knee internal/external rotation,lower,75,79,545,880
13,Ankle extension & Knee internal/external rotation,lower,76,80,880,697
13,Ankle extension & Knee internal/external rotation,lower,77,81,880,718
13,Ankle extension & Knee internal/external rotation,lower,78,82,880,698
13,Ankle extension & Knee internal/external rotation,lower,79,83,729,880
13,Ankle extension & Knee internal/external rotation,lower,80,84,749,880
13,Ankle extension & Knee internal/external rotation,lower,81,85,729,880
13,Ankle extension & Knee internal/external rotation,lower,82,86,354,880
13,Ankle extension & Knee internal/external rotation,lower,83,87,375,880
13,Ankle extension & Knee internal/external rotation,lower,84,88,355,880
13,Ankle extension & Knee internal/external rotation,lower,85,89,495,346
13,Ankle extension & Knee internal/external rotation,lower,86,90,822,880
13,Ankle extension & Knee internal/external rotation,lower,87,91,842,880
13,Ankle extension & Knee internal/external rotation,lower,88,92,823,880
13,Ankle extension & Knee internal/external rotation,lower,89,93,655,880
13,Ankle extension & Knee internal/external rotation,lower,90,94,675,880
13,Ankle extension & Knee internal/external rotation,lower,91,95,656,880
13,Ankle extension & Knee internal/external rotation,lower,92,96,880,550
13,Ankle extension & Knee internal/external rotation,lower,93,97,880,570
13,Ankle extension & Knee internal/external rotation,lower,94,98,880,551
13,Ankle extension & Knee internal/external rotation,lower,95,99,880,880
13,Ankle extension & Knee internal/external rotation,lower,96,100,880,880
13,Ankle extension & Knee internal/external rotation,lower,97,101,880,880
13,Ankle extension & Knee internal/external rotation,lower,98,102,880,880
13,Ankle extension & Knee internal/external rotation,lower,99,103,657,880
13,Ankle extension & Knee internal/external rotation,lower,100,104,677,880
13,Ankle extension & Knee internal/external rotation,lower,101,105,657,880
13,Ankle extension & Knee internal/external rotation,lower,102,106,531,479
13,Ankle extension & Knee internal/external rotation,lower,103,107,552,499
13,Ankle extension & Knee internal/external rotation,lower,104,108,532,480
13,Ankle extension & Knee internal/external rotation,lower,105,109,880,39
13,Ankle extension & Knee internal/external rotation,lower,106,110,880,19
13,Ankle extension & Knee internal/external rotation,lower,107,111,880,293
13,Ankle extension & Knee internal/external rotation,lower,108,112,880,313
13,Ankle extension & Knee internal/external rotation,lower,109,113,880,293
13,Ankle extension & Knee internal/external rotation,lower,110,114,880,219
13,Ankle extension & Knee internal/external rotation,lower,111,115,880,240
13,Ankle extension & Knee internal/external rotation,lower,112,116,880,220
13,Ankle extension & Knee internal/external rotation,lower,113,117,655,880
13,Ankle extension & Knee internal/external rotation,lower,114,118,675,880
13,Ankle extension & Knee internal/external rotation,lower,115,119,656,880
13,Ankle extension & Knee internal/external rotation,lower,116,120,880,880
13,Ankle extension & Knee internal/external rotation,lower,117,121,880,880
13,Ankle extension & Knee internal/external rotation,lower,118,122,880,880
13,Ankle extension & Knee internal/external rotation,lower,119,123,735,880
13,Ankle extension & Knee internal/external rotation,lower,120,124,755,880
13,Ankle extension & Knee internal/external rotation,lower,121,125,736,880
13,Ankle extension & Knee internal/external rotation,lower,122,126,469,405
13,Ankle extension & Knee internal/external rotation,lower,123,127,489,425
13,Ankle extension & Knee internal/external rotation,lower,124,128,470,406
13,Ankle extension & Knee internal/external rotation,lower,125,129,880,89
13,Ankle extension & Knee internal/external rotation,lower,126,130,864,69
13,Ankle extension & Knee internal/external rotation,lower,127,131,880,756
13,Ankle extension & Knee internal/external rotation,lower,128,132,880,777
13,Ankle extension & Knee internal/external rotation,lower,129,133,880,757
13,Ankle extension & Knee internal/external rotation,lower,130,134,880,286
13,Ankle extension & Knee internal/external rotation,lower,131,135,880,306
13,Ankle extension & Knee internal/external rotation,lower,132,136,880,287
13,Ankle extension & Knee internal/external rotation,lower,133,137,880,880
13,Ankle extension & Knee internal/external rotation,lower,134,138,880,880
13,Ankle extension & Knee internal/external rotation,lower,135,139,880,880
13,Ankle extension & Knee internal/external rotation,lower,136,140,645,880
13,Ankle extension & Knee internal/external rotation,lower,137,141,665,880
13,Ankle extension & Knee internal/external rotation,lower,138,142,646,880
13,Ankle extension & Knee internal/external rotation,lower,139,143,689,201
13,Ankle extension & Knee internal/external rotation,lower,140,144,669,181
13,Ankle extension & Knee internal/external rotation,lower,141,145,880,880
13,Ankle extension & Knee internal/external rotation,lower,142,146,880,880
13,Ankle extension & Knee internal/external rotation,lower,143,147,880,880
13,Ankle extension & Knee internal/external rotation,lower,144,148,880,742
13,Ankle extension & Knee internal/external rotation,lower,145,149,880,762
13,Ankle extension & Knee internal/external rotation,lower,146,150,880,743
13,Ankle extension & Knee internal/external rotation,lower,147,151,880,237
13,Ankle extension & Knee internal/external rotation,lower,148,152,880,257
13,Ankle extension & Knee internal/external rotation,lower,149,153,880,238
13,Ankle extension & Knee internal/external rotation,lower,150,154,880,880
13,Ankle extension & Knee internal/external rotation,lower,151,155,880,880
13,Ankle extension & Knee internal/external rotation,lower,152,156,880,880
13,Ankle extension & Knee internal/external rotation,lower,153,157,880,5
13,Ankle extension & Knee internal/external rotation,lower,154,158,880,25
13,Ankle extension & Knee internal/external rotation,lower,155,159,880,5
13,Ankle extension & Knee internal/external rotation,lower,156,160,720,880
13,Ankle extension & Knee internal/external rotation,lower,157,161,740,880
13,Ankle extension & Knee internal/external rotation,lower,158,162,721,880
13,Ankle extension & Knee internal/external rotation,lower,159,163,880,880
13,Ankle extension & Knee internal/external rotation,lower,160,164,880,880
13,Ankle extension & Knee internal/external rotation,lower,161,165,880,880
13,Ankle extension & Knee internal/external rotation,lower,162,166,799,880
13,Ankle extension & Knee internal/external rotation,lower,163,167,819,880
13,Ankle extension & Knee internal/external rotation,lower,164,168,800,880
13,Ankle extension & Knee internal/external rotation,lower,165,169,540,880
13,Ankle extension & Knee internal/external rotation,lower,166,170,561,880
13,Ankle extension & Knee internal/external rotation,lower,167,171,541,880
13,Ankle extension & Knee internal/external rotation,lower,168,172,718,89
13,Ankle extension & Knee internal/external rotation,lower,169,173,738,109
13,Ankle extension & Knee internal/external rotation,lower,170,174,719,89
13,Ankle extension & Knee internal/external rotation,lower,171,175,880,880
13,Ankle extension & Knee internal/external rotation,lower,172,176,880,880
13,Ankle extension & Knee internal/external rotation,lower,173,177,880,880
13,Ankle extension & Knee internal/external rotation,lower,174,178,880,880
13,Ankle extension & Knee internal/external rotation,lower,175,179,880,880
13,Ankle extension & Knee internal/external rotation,lower,176,180,880,880
13,Ankle extension & Knee internal/external rotation,lower,177,181,880,880
13,Ankle extension & Knee internal/external rotation,lower,178,182,880,880
13,Ankle extension & Knee internal/external rotation,lower,179,183,880,880
13,Ankle extension & Knee internal/external rotation,lower,180,184,880,880
13,Ankle extension & Knee internal/external rotation,lower,181,185,880,880
13,Ankle extension & Knee internal/external rotation,lower,182,186,825,880
13,Ankle extension & Knee internal/external rotation,lower,183,187,846,880
13,Ankle extension & Knee internal/external rotation,lower,184,188,826,880
13,Ankle extension & Knee internal/external rotation,lower,185,189,387,765
13,Ankle extension & Knee internal/external rotation,lower,186,190,408,785
13,Ankle extension & Knee internal/external rotation,lower,187,191,388,765
13,Ankle extension & Knee internal/external rotation,lower,188,192,880,880
13,Ankle extension & Knee internal/external rotation,lower,189,193,880,880
13,Ankle extension & Knee internal/external rotation,lower,190,194,880,880
13,Ankle extension & Knee internal/external rotation,lower,191,195,880,649
13,Ankle extension & Knee internal/external rotation,lower,192,196,880,669
13,Ankle extension & Knee internal/external rotation,lower,193,197,880,649
13,Ankle extension & Knee internal/external rotation,lower,194,198,480,880
13,Ankle extension & Knee internal/external rotation,lower,195,199,500,880
13,Ankle extension & Knee internal/external rotation,lower,196,200,481,880
13,Ankle extension & Knee internal/external rotation,lower,197,201,880,336
13,Ankle extension & Knee internal/external rotation,lower,198,202,880,356
13,Ankle extension & Knee internal/external rotation,lower,199,203,880,337
13,Ankle extension & Knee internal/external rotation,lower,200,204,664,880
13,Ankle extension & Knee internal/external rotation,lower,201,205,684,880
13,Ankle extension & Knee internal/external rotation,lower,202,206,880,880
13,Ankle extension & Knee internal/external rotation,lower,203,207,880,880
13,Ankle extension & Knee internal/external rotation,lower,204,208,880,880
13,Ankle extension & Knee internal/external rotation,lower,205,209,747,880
13,Ankle extension & Knee internal/external rotation,lower,206,210,768,880
13,Ankle extension & Knee internal/external rotation,lower,207,211,748,880
13,Ankle extension & Knee internal/external rotation,lower,208,212,880,825
13,Ankle extension & Knee internal/external rotation,lower,209,213,880,846
13,Ankle extension & Knee internal/external rotation,lower,210,214,880,826
13,Ankle extension & Knee internal/external rotation,lower,211,218,880,880
13,Ankle extension & Knee internal/external rotation,lower,212,219,880,880
13,Ankle extension & Knee internal/external rotation,lower,213,220,880,880
13,Ankle extension & Knee internal/external rotation,lower,214,221,405,731
13,Ankle extension & Knee internal/external rotation,lower,215,222,425,752
13,Ankle extension & Knee internal/external rotation,lower,216,223,406,732
13,Ankle extension & Knee internal/external rotation,lower,217,233,373,658
13,Ankle extension & Knee internal/external rotation,lower,218,235,380,685
13,Ankle extension & Knee internal/external rotation,lower,219,237,783,762
13,Ankle extension & Knee internal/external rotation,lower,220,239,825,805
13,Ankle extension & Knee internal/external rotation,lower,221,241,864,843
13,Ankle extension & Knee internal/external rotation,lower,222,243,693,840
13,Ankle extension & Knee internal/external rotation,lower,223,245,740,879
13,Ankle extension & Knee internal/external rotation,lower,224,247,773,880
13,Ankle extension & Knee internal/external rotation,lower,225,251,356,687
13,Ankle extension & Knee internal/external rotation,lower,226,253,362,716
13,Ankle extension & Knee internal/external rotation,lower,227,254,880,880
13,Ankle extension & Knee internal/external rotation,lower,228,255,880,880
13,Ankle extension & Knee internal/external rotation,lower,229,256,880,880
13,Ankle extension & Knee internal/external rotation,lower,230,257,880,880
13,Ankle extension & Knee internal/external rotation,lower,231,258,880,880
13,Ankle extension & Knee internal/external rotation,lower,232,259,880,880
13,Ankle extension & Knee internal/external rotation,lower,233,261,880,880
13,Ankle extension & Knee internal/external rotation,lower,234,263,880,880
13,Ankle extension & Knee internal/external rotation,lower,235,265,880,880
13,Ankle extension & Knee internal/external rotation,lower,236,267,766,527
13,Ankle extension & Knee internal/external rotation,lower,237,269,808,585
13,Ankle extension & Knee internal/external rotation,lower,238,271,847,608
13,Ankle extension & Knee internal/external rotation,lower,239,273,369,880
13,Ankle extension & Knee internal/external rotation,lower,240,275,438,880
13,Ankle extension & Knee internal/external rotation,lower,241,277,449,880
13,Ankle extension & Knee internal/external rotation,lower,242,279,880,234
13,Ankle extension & Knee internal/external rotation,lower,243,281,880,312
13,Ankle extension & Knee internal/external rotation,lower,244,283,880,314
13,Ankle extension & Knee internal/external rotation,lower,245,285,880,693
13,Ankle extension & Knee internal/external rotation,lower,246,287,880,740
13,Ankle extension & Knee internal/external rotation,lower,247,289,880,773
13,Ankle extension & Knee internal/external rotation,lower,248,290,880,577
13,Ankle extension & Knee internal/external rotation,lower,249,291,880,459
13,Ankle extension & Knee internal/external rotation,lower,250,292,880,597
13,Ankle extension & Knee internal/external rotation,lower,251,293,880,523
13,Ankle extension & Knee internal/external rotation,lower,252,294,880,577
13,Ankle extension & Knee internal/external rotation,lower,253,295,880,540
13,Ankle extension & Knee internal/external rotation,lower,254,296,314,685
13,Ankle extension & Knee internal/external rotation,lower,255,297,441,838
13,Ankle extension & Knee internal/external rotation,lower,256,298,387,734
13,Ankle extension & Knee internal/external rotation,lower,257,299,422,818
13,Ankle extension & Knee internal/external rotation,lower,258,300,395,766
13,Ankle extension & Knee internal/external rotation,lower,259,301,880,880
13,Ankle extension & Knee internal/external rotation,lower,260,302,880,840
13,Ankle extension & Knee internal/external rotation,lower,261,303,880,880
13,Ankle extension & Knee internal/external rotation,lower,262,304,880,879
13,Ankle extension & Knee internal/external rotation,lower,263,305,880,880
13,Ankle extension & Knee internal/external rotation,lower,264,306,880,880
13,Ankle extension & Knee internal/external rotation,lower,265,307,880,749
13,Ankle extension & Knee internal/external rotation,lower,266,308,880,621
13,Ankle extension & Knee internal/external rotation,lower,267,309,880,769
13,Ankle extension & Knee internal/external rotation,lower,268,310,880,673
13,Ankle extension & Knee internal/external rotation,lower,269,311,880,750
13,Ankle extension & Knee internal/external rotation,lower,270,312,880,702
14,Knee flexion and extension,lower,0,0,880,880
14,Knee flexion and extension,lower,1,1,880,880
14,Knee flexion and extension,lower,2,2,880,880
14,Knee flexion and extension,lower,3,3,880,880
14,Knee flexion and extension,lower,4,4,880,880
14,Knee flexion and extension,lower,5,5,880,880
14,Knee flexion and extension,lower,6,6,880,880
14,Knee flexion and extension,lower,7,7,880,880
14,Knee flexion and extension,lower,8,8,880,880
14,Knee flexion and extension,lower,9,9,880,880
14,Knee flexion and extension,lower,10,10,880,880
14,Knee flexion and extension,lower,11,11,880,880
14,Knee flexion and extension,lower,12,12,849,32
14,Knee flexion and extension,lower,13,13,869,52
14,Knee flexion and extension,lower,14,14,849,33
14,Knee flexion and extension,lower,15,15,880,880
14,Knee flexion and extension,lower,16,16,880,880
14,Knee flexion and extension,lower,17,17,880,880
14,Knee flexion and extension,lower,18,18,880,880
14,Knee flexion and extension,lower,19,19,880,880
14,Knee flexion and extension,lower,20,20,880,880
14,Knee flexion and extension,lower,21,21,880,680
14,Knee flexion and extension,lower,22,22,880,700
14,Knee flexion and extension,lower,23,23,880,681
14,Knee flexion and extension,lower,24,24,817,797
14,Knee flexion and extension,lower,25,25,798,777
14,Knee flexion and extension,lower,26,26,880,185
14,Knee flexion and extension,lower,27,27,880,166
14,Knee flexion and extension,lower,28,28,880,149
14,Knee flexion and extension,lower,29,29,880,169
14,Knee flexion and extension,lower,30,30,880,150
14,Knee flexion and extension,lower,31,31,880,880
14,Knee flexion and extension,lower,32,32,880,880
14,Knee flexion and extension,lower,33,33,880,880
14,Knee flexion and extension,lower,34,34,825,32
14,Knee flexion and extension,lower,35,35,845,52
14,Knee flexion and extension,lower,36,36,825,33
14,Knee flexion and extension,lower,37,37,880,880
14,Knee flexion and extension,lower,38,38,880,880
14,Knee flexion and extension,lower,39,39,880,880
14,Knee flexion and extension,lower,40,40,880,880
14,Knee flexion and extension,lower,41,41,880,880
14,Knee flexion and extension,lower,42,42,880,880
14,Knee flexion and extension,lower,43,43,880,880
14,Knee flexion and extension,lower,44,44,880,880
14,Knee flexion and extension,lower,45,45,880,880
14,Knee flexion and extension,lower,46,46,880,880
14,Knee flexion and extension,lower,47,47,880,880
14,Knee flexion and extension,lower,48,48,880,880
14,Knee flexion and extension,lower,49,49,880,880
14,Knee flexion and extension,lower,50,50,880,880
14,Knee flexion and extension,lower,51,51,880,880
14,Knee flexion and extension,lower,52,52,880,880
14,Knee flexion and extension,lower,53,53,880,880
14,Knee flexion and extension,lower,54,54,880,880
14,Knee flexion and extension,lower,55,55,880,880
14,Knee flexion and extension,lower,56,56,880,880
14,Knee flexion and extension,lower,57,57,880,880
14,Knee flexion and extension,lower,58,58,880,880
14,Knee flexion and extension,lower,59,59,880,880
14,Knee flexion and extension,lower,60,60,880,880
14,Knee flexion and extension,lower,61,61,880,880
14,Knee flexion and extension,lower,62,62,880,880
14,Knee flexion and extension,lower,63,63,880,880
14,Knee flexion and extension,lower,64,64,880,751
14,Knee flexion and extension,lower,65,65,880,752
14,Knee flexion and extension,lower,66,66,880,880
14,Knee flexion and extension,lower,67,67,880,880
14,Knee flexion and extension,lower,68,68,880,880
14,Knee flexion and extension,lower,69,69,880,880
14,Knee flexion and extension,lower,70,70,880,880
14,Knee flexion and extension,lower,71,71,880,880
14,Knee flexion and extension,lower,72,72,880,880
14,Knee flexion and extension,lower,73,73,880,880
14,Knee flexion and extension,lower,74,74,880,880
14,Knee flexion and extension,lower,75,75,880,880
14,Knee flexion and extension,lower,76,76,880,880
14,Knee flexion and extension,lower,77,77,880,880
14,Knee flexion and extension,lower,78,78,880,880
14,Knee flexion and extension,lower,79,79,880,880
14,Knee flexion and extension,lower,80,80,880,880
14,Knee flexion and extension,lower,81,81,880,880
14,Knee flexion and extension,lower,82,82,880,880
14,Knee flexion and extension,lower,83,83,880,880
14,Knee flexion and extension,lower,84,84,880,880
14,Knee flexion and extension,lower,85,85,880,880
14,Knee flexion and extension,lower,86,86,880,880
14,Knee flexion and extension,lower,87,87,880,880
14,Knee flexion and extension,lower,88,88,880,880
14,Knee flexion and extension,lower,89,89,880,880
14,Knee flexion and extension,lower,90,90,858,880
14,Knee flexion and extension,lower,91,91,879,880
14,Knee flexion and extension,lower,92,92,859,880
14,Knee flexion and extension,lower,93,93,880,401
14,Knee flexion and extension,lower,94,94,880,422
14,Knee flexion and extension,lower,95,95,880,402
14,Knee flexion and extension,lower,96,96,880,736
14,Knee flexion and extension,lower,97,97,880,756
14,Knee flexion and extension,lower,98,98,880,737
14,Knee flexion and extension,lower,99,99,880,880
14,Knee flexion and extension,lower,100,100,880,880
14,Knee flexion and extension,lower,101,101,880,880
14,Knee flexion and extension,lower,102,102,880,880
14,Knee flexion and extension,lower,103,103,880,880
14,Knee flexion and extension,lower,104,104,880,880
14,Knee flexion and extension,lower,105,105,455,359
14,Knee flexion and extension,lower,106,106,475,379
14,Knee flexion and extension,lower,107,107,456,360
14,Knee flexion and extension,lower,108,108,880,880
14,Knee flexion and extension,lower,109,109,880,880
14,Knee flexion and extension,lower,110,110,880,880
14,Knee flexion and extension,lower,111,111,568,605
14,Knee flexion and extension,lower,112,112,588,625
14,Knee flexion and extension,lower,113,113,569,606
14,Knee flexion and extension,lower,114,114,880,880
14,Knee flexion and extension,lower,115,115,880,880
14,Knee flexion and extension,lower,116,116,880,880
14,Knee flexion and extension,lower,117,117,880,880
14,Knee flexion and extension,lower,118,118,880,880
14,Knee flexion and extension,lower,119,119,880,880
14,Knee flexion and extension,lower,120,120,880,880
14,Knee flexion and extension,lower,121,121,880,880
14,Knee flexion and extension,lower,122,122,880,880
14,Knee flexion and extension,lower,123,123,880,880
14,Knee flexion and extension,lower,124,124,880,880
14,Knee flexion and extension,lower,125,125,880,880
14,Knee flexion and extension,lower,126,126,880,880
14,Knee flexion and extension,lower,127,127,880,880
14,Knee flexion and extension,lower,128,128,880,880
14,Knee flexion and extension,lower,129,129,880,880
14,Knee flexion and extension,lower,130,130,880,880
14,Knee flexion and extension,lower,131,131,880,880
14,Knee flexion and extension,lower,132,132,880,822
14,Knee flexion and extension,lower,133,133,880,842
14,Knee flexion and extension,lower,134,134,880,823
14,Knee flexion and extension,lower,135,135,880,429
14,Knee flexion and extension,lower,136,136,880,449
14,Knee flexion and extension,lower,137,137,880,430
14,Knee flexion and extension,lower,138,138,880,563
14,Knee flexion and extension,lower,139,139,880,584
14,Knee flexion and extension,lower,140,140,880,564
14,Knee flexion and extension,lower,141,141,880,880
14,Knee flexion and extension,lower,142,142,880,880
14,Knee flexion and extension,lower,143,143,880,880
14,Knee flexion and extension,lower,144,144,880,880
14,Knee flexion and extension,lower,145,145,880,880
14,Knee flexion and extension,lower,146,146,880,880
14,Knee flexion and extension,lower,147,147,880,880
14,Knee flexion and extension,lower,148,148,880,880
14,Knee flexion and extension,lower,149,149,880,880
14,Knee flexion and extension,lower,150,150,880,880
14,Knee flexion and extension,lower,151,151,880,880
14,Knee flexion and extension,lower,152,152,880,880
14,Knee flexion and extension,lower,153,153,880,880
14,Knee flexion and extension,lower,154,154,880,880
14,Knee flexion and extension,lower,155,155,880,880
14,Knee flexion and extension,lower,156,156,880,880
14,Knee flexion and extension,lower,157,157,880,880
14,Knee flexion and extension,lower,158,158,880,880
14,Knee flexion and extension,lower,159,159,880,880
14,Knee flexion and extension,lower,160,160,880,880
14,Knee flexion and extension,lower,161,161,880,880
14,Knee flexion and extension,lower,162,162,880,880
14,Knee flexion and extension,lower,163,163,880,880
14,Knee flexion and extension,lower,164,164,880,880
14,Knee flexion and extension,lower,165,165,754,880
14,Knee flexion and extension,lower,166,166,775,880
14,Knee flexion and extension,lower,167,167,755,880
14,Knee flexion and extension,lower,168,168,701,880
14,Knee flexion and extension,lower,169,169,576,880
14,Knee flexion and extension,lower,170,170,721,880
14,Knee flexion and extension,lower,171,171,631,880
14,Knee flexion and extension,lower,172,172,702,880
14,Knee flexion and extension,lower,173,173,657,880
14,Knee flexion and extension,lower,174,174,647,852
14,Knee flexion and extension,lower,175,175,525,717
14,Knee flexion and extension,lower,176,176,667,873
14,Knee flexion and extension,lower,177,177,585,763
14,Knee flexion and extension,lower,178,178,648,853
14,Knee flexion and extension,lower,179,179,606,798
14,Knee flexion and extension,lower,180,180,780,880
14,Knee flexion and extension,lower,181,181,650,880
14,Knee flexion and extension,lower,182,182,801,880
14,Knee flexion and extension,lower,183,183,701,880
14,Knee flexion and extension,lower,184,184,781,880
14,Knee flexion and extension,lower,185,185,731,880
14,Knee flexion and extension,lower,186,186,861,880
14,Knee flexion and extension,lower,187,187,726,880
14,Knee flexion and extension,lower,188,188,880,880
14,Knee flexion and extension,lower,189,189,861,880
14,Knee flexion and extension,lower,190,190,806,880
14,Knee flexion and extension,lower,191,191,531,648
14,Knee flexion and extension,lower,192,192,417,526
14,Knee flexion and extension,lower,193,193,552,668
14,Knee flexion and extension,lower,194,194,482,584
14,Knee flexion and extension,lower,195,195,532,649
14,Knee flexion and extension,lower,196,196,497,607
14,Knee flexion and extension,lower,197,197,649,844
14,Knee flexion and extension,lower,198,198,527,710
14,Knee flexion and extension,lower,199,199,669,865
14,Knee flexion and extension,lower,200,200,585,757
14,Knee flexion and extension,lower,201,201,649,845
14,Knee flexion and extension,lower,202,202,608,791
14,Knee flexion and extension,lower,203,203,417,536
14,Knee flexion and extension,lower,204,204,309,421
14,Knee flexion and extension,lower,205,205,437,556
14,Knee flexion and extension,lower,206,206,383,486
14,Knee flexion and extension,lower,207,207,417,537
14,Knee flexion and extension,lower,208,208,390,502
14,Knee flexion and extension,lower,209,209,669,830
14,Knee flexion and extension,lower,210,210,546,697
14,Knee flexion and extension,lower,211,211,689,850
14,Knee flexion and extension,lower,212,212,603,744
14,Knee flexion and extension,lower,213,213,669,831
14,Knee flexion and extension,lower,214,214,626,778
14,Knee flexion and extension,lower,215,215,744,880
14,Knee flexion and extension,lower,216,216,616,777
14,Knee flexion and extension,lower,217,217,764,880
14,Knee flexion and extension,lower,218,218,668,818
14,Knee flexion and extension,lower,219,219,745,880
14,Knee flexion and extension,lower,220,220,697,857
14,Knee flexion and extension,lower,221,221,733,880
14,Knee flexion and extension,lower,222,222,606,755
14,Knee flexion and extension,lower,223,223,753,880
14,Knee flexion and extension,lower,224,224,734,880
14,Knee flexion and extension,lower,225,225,687,836
14,Knee flexion and extension,lower,226,226,830,880
14,Knee flexion and extension,lower,227,227,697,880
14,Knee flexion and extension,lower,228,228,850,880
14,Knee flexion and extension,lower,229,229,744,880
14,Knee flexion and extension,lower,230,230,831,880
14,Knee flexion and extension,lower,231,231,778,880
14,Knee flexion and extension,lower,232,232,797,880
14,Knee flexion and extension,lower,233,233,666,845
14,Knee flexion and extension,lower,234,234,817,880
14,Knee flexion and extension,lower,235,235,715,880
14,Knee flexion and extension,lower,236,236,798,880
14,Knee flexion and extension,lower,237,237,747,880
14,Knee flexion and extension,lower,238,238,689,849
14,Knee flexion and extension,lower,239,239,564,715
14,Knee flexion and extension,lower,240,240,709,870
14,Knee flexion and extension,lower,241,241,621,762
14,Knee flexion and extension,lower,242,242,689,850
14,Knee flexion and extension,lower,243,243,645,796
14,Knee flexion and extension,lower,244,244,655,833
14,Knee flexion and extension,lower,245,245,533,699
14,Knee flexion and extension,lower,246,246,656,833
14,Knee flexion and extension,lower,247,247,614,780
14,Knee flexion and extension,lower,248,248,693,830
14,Knee flexion and extension,lower,249,249,568,697
14,Knee flexion and extension,lower,250,250,713,850
14,Knee flexion and extension,lower,251,251,624,744
14,Knee flexion and extension,lower,252,252,693,831
14,Knee flexion and extension,lower,253,253,649,778
14,Knee flexion and extension,lower,254,254,775,737
14,Knee flexion and extension,lower,255,255,645,610
14,Knee flexion and extension,lower,256,256,795,758
14,Knee flexion and extension,lower,257,257,697,664
14,Knee flexion and extension,lower,258,258,776,738
14,Knee flexion and extension,lower,259,259,726,691
14,Knee flexion and extension,lower,260,280,771,880
14,Knee flexion and extension,lower,261,315,659,799
14,Knee flexion and extension,lower,262,337,675,853
14,Knee flexion and extension,lower,263,338,591,747
14,Knee flexion and extension,lower,264,341,676,855
14,Knee flexion and extension,lower,265,342,552,720
14,Knee flexion and extension,lower,266,343,697,875
14,Knee flexion and extension,lower,267,344,609,767
14,Knee flexion and extension,lower,268,345,677,856
14,Knee flexion and extension,lower,269,346,633,801
15,Hip flexion and extension,lower,0,0,880,97
15,Hip flexion and extension,lower,1,1,880,78
15,Hip flexion and extension,lower,2,2,880,880
15,Hip flexion and extension,lower,3,3,880,880
15,Hip flexion and extension,lower,4,4,880,880
15,Hip flexion and extension,lower,5,5,880,880
15,Hip flexion and extension,lower,6,6,880,880
15,Hip flexion and extension,lower,7,7,880,880
15,Hip flexion and extension,lower,8,8,718,725
15,Hip flexion and extension,lower,9,9,738,745
15,Hip flexion and extension,lower,10,10,719,726
15,Hip flexion and extension,lower,11,11,880,192
15,Hip flexion and extension,lower,12,12,880,212
15,Hip flexion and extension,lower,13,13,880,193
15,Hip flexion and extension,lower,14,14,880,880
15,Hip flexion and extension,lower,15,15,880,880
15,Hip flexion and extension,lower,16,16,701,682
15,Hip flexion and extension,lower,17,17,721,703
15,Hip flexion and extension,lower,18,18,702,683
15,Hip flexion and extension,lower,19,19,880,880
15,Hip flexion and extension,lower,20,20,880,880
15,Hip flexion and extension,lower,21,21,880,880
15,Hip flexion and extension,lower,22,22,880,880
15,Hip flexion and extension,lower,23,23,880,880
15,Hip flexion and extension,lower,24,24,880,880
15,Hip flexion and extension,lower,25,25,880,880
15,Hip flexion and extension,lower,26,26,880,880
15,Hip flexion and extension,lower,27,27,880,880
15,Hip flexion and extension,lower,28,28,880,880
15,Hip flexion and extension,lower,29,29,494,495
15,Hip flexion and extension,lower,30,30,514,515
15,Hip flexion and extension,lower,31,31,495,496
15,Hip flexion and extension,lower,32,32,880,880
15,Hip flexion and extension,lower,33,33,880,880
15,Hip flexion and extension,lower,34,34,880,880
15,Hip flexion and extension,lower,35,35,831,880
15,Hip flexion and extension,lower,36,36,851,880
15,Hip flexion and extension,lower,37,37,832,880
15,Hip flexion and extension,lower,38,38,880,880
15,Hip flexion and extension,lower,39,39,880,880
15,Hip flexion and extension,lower,40,40,880,880
15,Hip flexion and extension,lower,41,41,880,880
15,Hip flexion and extension,lower,42,42,880,880
15,Hip flexion and extension,lower,43,43,880,880
15,Hip flexion and extension,lower,44,44,880,880
15,Hip flexion and extension,lower,45,45,880,880
15,Hip flexion and extension,lower,46,46,880,880
15,Hip flexion and extension,lower,47,47,880,880
15,Hip flexion and extension,lower,48,48,880,880
15,Hip flexion and extension,lower,49,49,880,880
15,Hip flexion and extension,lower,50,50,880,880
15,Hip flexion and extension,lower,51,51,880,880
15,Hip flexion and extension,lower,52,52,880,880
15,Hip flexion and extension,lower,53,53,880,880
15,Hip flexion and extension,lower,54,54,880,880
15,Hip flexion and extension,lower,55,55,880,880
15,Hip flexion and extension,lower,56,56,880,880
15,Hip flexion and extension,lower,57,57,880,880
15,Hip flexion and extension,lower,58,58,880,880
15,Hip flexion and extension,lower,59,59,880,880
15,Hip flexion and extension,lower,60,60,880,880
15,Hip flexion and extension,lower,61,61,880,880
15,Hip flexion and extension,lower,62,63,321,567
15,Hip flexion and extension,lower,63,64,301,547
15,Hip flexion and extension,lower,64,65,880,880
15,Hip flexion and extension,lower,65,66,880,880
15,Hip flexion and extension,lower,66,67,880,880
15,Hip flexion and extension,lower,67,68,880,880
15,Hip flexion and extension,lower,68,69,880,880
15,Hip flexion and extension,lower,69,70,880,880
15,Hip flexion and extension,lower,70,71,880,880
15,Hip flexion and extension,lower,71,72,880,880
15,Hip flexion and extension,lower,72,73,880,880
15,Hip flexion and extension,lower,73,74,880,880
15,Hip flexion and extension,lower,74,75,880,880
15,Hip flexion and extension,lower,75,76,880,880
15,Hip flexion and extension,lower,76,77,880,880
15,Hip flexion and extension,lower,77,78,880,880
15,Hip flexion and extension,lower,78,79,880,880
15,Hip flexion and extension,lower,79,80,880,880
15,Hip flexion and extension,lower,80,81,880,880
15,Hip flexion and extension,lower,81,82,880,880
15,Hip flexion and extension,lower,82,83,855,773
15,Hip flexion and extension,lower,83,84,875,793
15,Hip flexion and extension,lower,84,85,856,773
15,Hip flexion and extension,lower,85,86,880,880
15,Hip flexion and extension,lower,86,87,880,880
15,Hip flexion and extension,lower,87,88,880,880
15,Hip flexion and extension,lower,88,89,601,613
15,Hip flexion and extension,lower,89,90,621,633
15,Hip flexion and extension,lower,90,91,601,613
15,Hip flexion and extension,lower,91,92,880,880
15,Hip flexion and extension,lower,92,93,880,880
15,Hip flexion and extension,lower,93,94,880,880
15,Hip flexion and extension,lower,94,95,682,680
15,Hip flexion and extension,lower,95,96,880,880
15,Hip flexion and extension,lower,96,97,880,880
15,Hip flexion and extension,lower,97,98,880,880
15,Hip flexion and extension,lower,98,99,880,880
15,Hip flexion and extension,lower,99,100,880,880
15,Hip flexion and extension,lower,100,101,693,880
15,Hip flexion and extension,lower,101,102,713,880
15,Hip flexion and extension,lower,102,103,693,880
15,Hip flexion and extension,lower,103,104,819,880
15,Hip flexion and extension,lower,104,105,840,880
15,Hip flexion and extension,lower,105,106,820,880
15,Hip flexion and extension,lower,106,107,817,880
15,Hip flexion and extension,lower,107,108,837,880
15,Hip flexion and extension,lower,108,109,817,880
15,Hip flexion and extension,lower,109,110,831,880
15,Hip flexion and extension,lower,110,111,698,880
15,Hip flexion and extension,lower,111,112,851,880
15,Hip flexion and extension,lower,112,113,745,880
15,Hip flexion and extension,lower,113,114,832,880
15,Hip flexion and extension,lower,114,115,779,880
15,Hip flexion and extension,lower,115,116,849,871
15,Hip flexion and extension,lower,116,117,714,735
15,Hip flexion and extension,lower,117,118,869,880
15,Hip flexion and extension,lower,118,119,761,781
15,Hip flexion and extension,lower,119,120,849,872
15,Hip flexion and extension,lower,120,121,795,816
15,Hip flexion and extension,lower,121,122,725,880
15,Hip flexion and extension,lower,122,123,599,880
15,Hip flexion and extension,lower,123,124,745,880
15,Hip flexion and extension,lower,124,125,653,880
15,Hip flexion and extension,lower,125,126,726,880
15,Hip flexion and extension,lower,126,127,680,880
15,Hip flexion and extension,lower,127,128,851,880
15,Hip flexion and extension,lower,128,129,717,836
15,Hip flexion and extension,lower,129,130,872,880
15,Hip flexion and extension,lower,130,131,762,873
15,Hip flexion and extension,lower,131,132,852,880
15,Hip flexion and extension,lower,132,133,797,880
15,Hip flexion and extension,lower,133,134,639,880
15,Hip flexion and extension,lower,134,135,518,826
15,Hip flexion and extension,lower,135,136,659,880
15,Hip flexion and extension,lower,136,137,577,864
15,Hip flexion and extension,lower,137,138,640,880
15,Hip flexion and extension,lower,138,139,599,880
15,Hip flexion and extension,lower,139,140,532,713
15,Hip flexion and extension,lower,140,141,417,588
15,Hip flexion and extension,lower,141,142,553,734
15,Hip flexion and extension,lower,142,143,483,642
15,Hip flexion and extension,lower,143,144,533,714
15,Hip flexion and extension,lower,144,145,498,668
15,Hip flexion and extension,lower,145,146,831,880
15,Hip flexion and extension,lower,146,147,698,786
15,Hip flexion and extension,lower,147,148,851,880
15,Hip flexion and extension,lower,148,149,745,827
15,Hip flexion and extension,lower,149,150,832,880
15,Hip flexion and extension,lower,150,151,779,867
15,Hip flexion and extension,lower,151,152,551,814
15,Hip flexion and extension,lower,152,153,435,682
15,Hip flexion and extension,lower,153,154,571,834
15,Hip flexion and extension,lower,154,155,501,730
15,Hip flexion and extension,lower,155,156,552,815
15,Hip flexion and extension,lower,156,157,516,763
15,Hip flexion and extension,lower,157,158,628,794
15,Hip flexion and extension,lower,158,159,507,663
15,Hip flexion and extension,lower,159,160,649,815
15,Hip flexion and extension,lower,160,161,567,713
15,Hip flexion and extension,lower,161,162,629,795
15,Hip flexion and extension,lower,162,163,588,744
15,Hip flexion and extension,lower,163,164,586,742
15,Hip flexion and extension,lower,164,165,468,615
15,Hip flexion and extension,lower,165,166,607,762
15,Hip flexion and extension,lower,166,167,531,668
15,Hip flexion and extension,lower,167,168,587,743
15,Hip flexion and extension,lower,168,169,549,695
15,Hip flexion and extension,lower,169,170,612,825
15,Hip flexion and extension,lower,170,171,492,692
15,Hip flexion and extension,lower,171,172,633,845
15,Hip flexion and extension,lower,172,173,553,739
15,Hip flexion and extension,lower,173,174,613,825
15,Hip flexion and extension,lower,174,175,573,773
15,Hip flexion and extension,lower,175,176,656,880
15,Hip flexion and extension,lower,176,177,534,771
15,Hip flexion and extension,lower,177,178,676,880
15,Hip flexion and extension,lower,178,179,592,813
15,Hip flexion and extension,lower,179,180,657,880
15,Hip flexion and extension,lower,180,181,614,852
15,Hip flexion and extension,lower,181,182,705,880
15,Hip flexion and extension,lower,182,183,580,803
15,Hip flexion and extension,lower,183,184,726,880
15,Hip flexion and extension,lower,184,185,636,843
15,Hip flexion and extension,lower,185,186,706,880
15,Hip flexion and extension,lower,186,187,661,880
15,Hip flexion and extension,lower,187,188,432,629
15,Hip flexion and extension,lower,188,189,324,509
15,Hip flexion and extension,lower,189,190,452,649
15,Hip flexion and extension,lower,190,191,396,569
15,Hip flexion and extension,lower,191,192,433,630
15,Hip flexion and extension,lower,192,193,404,590
15,Hip flexion and extension,lower,193,194,493,608
15,Hip flexion and extension,lower,194,195,381,489
15,Hip flexion and extension,lower,195,196,513,628
15,Hip flexion and extension,lower,196,197,449,550
15,Hip flexion and extension,lower,197,198,493,609
15,Hip flexion and extension,lower,198,199,461,569
15,Hip flexion and extension,lower,199,200,492,651
15,Hip flexion and extension,lower,200,201,380,529
15,Hip flexion and extension,lower,201,202,513,672
15,Hip flexion and extension,lower,202,203,449,588
15,Hip flexion and extension,lower,203,204,493,652
15,Hip flexion and extension,lower,204,205,461,610
15,Hip flexion and extension,lower,205,206,668,878
15,Hip flexion and extension,lower,206,207,545,742
15,Hip flexion and extension,lower,207,208,689,880
15,Hip flexion and extension,lower,208,209,603,786
15,Hip flexion and extension,lower,209,210,669,879
15,Hip flexion and extension,lower,210,211,626,823
